id,title,url,source_site,publish_date,auto_decision,auto_reason,suggested_label,manual_label,manual_note
2424,成都职业技术学院2026年上半年公开（考核）招聘8名高层次人才公告,https://www.cdp.edu.cn/zzrsc/info/1030/1926.htm,site_151_151,2026-04-03 16:47:49.866024,review,泛招聘词,,,
2420,重庆两江新区物业管理有限公司外包岗位招聘简章,https://www.cqljzp.com/announcement/index.php?id=1617,site_159_159,2026-04-03 16:46:13.577558,review,外包岗位 | 外包,,,
2419,重庆两江新区金山社区卫生服务中心招募简章,https://www.cqljzp.com/announcement/index.php?id=1618,site_159_159,2026-04-03 16:46:13.576025,review,泛招聘词,,,
2418,某国有企业2026年4月档案管理储备实习生招聘简章,https://www.cqljzp.com/announcement/index.php?id=1619,site_159_159,2026-04-03 16:46:13.573388,review,实习生,,,
2413,遂宁市第一人民医院招募临时抗疫驾驶员专岗志愿者公告,https://www.snyyy.cn/rencaizhaopin/2021-08-11/7622.html,site_98_98,2026-04-03 16:44:49.009169,review,志愿者,,,
2412,遂宁市第一人民医院关于公开定酬招聘非在编工作人员的通告,https://www.snyyy.cn/rencaizhaopin/2021-10-29/7885.html,site_98_98,2026-04-03 16:44:49.008400,review,泛招聘词,,,
2411,遂宁市第一人民医院2022年引进卫生专业技术人才公告,https://www.snyyy.cn/rencaizhaopin/2021-10-29/7890.html,site_98_98,2026-04-03 16:44:49.007561,review,泛招聘词,,,
2409,遂宁市第一人民医院关于公开定酬招聘非在编工作人员的通告,https://www.snyyy.cn/rencaizhaopin/2021-11-27/8017.html,site_98_98,2026-04-03 16:44:49.005825,review,泛招聘词,,,
2407,遂宁市第一人民医院关于招聘护理专业技术人员公告,https://www.snyyy.cn/rencaizhaopin/2022-02-28/8421.html,site_98_98,2026-04-03 16:44:49.003955,review,泛招聘词,,,
2405,遂宁市第一人民医院关于招收2022年院内规范化培训护士的公告,https://www.snyyy.cn/rencaizhaopin/2022-04-02/8627.html,site_98_98,2026-04-03 16:44:49.001439,review,培训,,,
2399,遂宁市第一人民医院招聘定酬驾驶员公告,https://www.snyyy.cn/rencaizhaopin/2022-10-13/9132.html,site_98_98,2026-04-03 16:44:48.995688,review,泛招聘词,,,
2398,遂宁市第一人民医院2023年引进卫生专业技术人才公告,https://www.snyyy.cn/rencaizhaopin/2022-11-23/9242.html,site_98_98,2026-04-03 16:44:48.994795,review,泛招聘词,,,
2397,遂宁市第一人民医院关于招收 2023年院内规范化培训护士的公告,https://www.snyyy.cn/rencaizhaopin/2023-04-10/9637.html,site_98_98,2026-04-03 16:44:48.993850,review,培训,,,
2395,遂宁市第一人民医院 关于招聘病理医师等专业技术人员公告,https://www.snyyy.cn/rencaizhaopin/2023-06-07/9865.html,site_98_98,2026-04-03 16:44:48.991907,review,泛招聘词,,,
2394,遂宁市第一人民医院关于2024年招聘临床、医技类专业技术人员的公告,https://www.snyyy.cn/rencaizhaopin/2023-09-06/10133.html,site_98_98,2026-04-03 16:44:48.990886,review,泛招聘词,,,
2393,遂宁市第一人民医院关于招聘定酬工作人员的通告,https://www.snyyy.cn/rencaizhaopin/2023-11-20/10365.html,site_98_98,2026-04-03 16:44:48.989899,review,泛招聘词,,,
2392,遂宁市第一人民医院关于2024年招聘临床、医技类专业技术人员的公告,https://www.snyyy.cn/rencaizhaopin/2024-03-18/10918.html,site_98_98,2026-04-03 16:44:48.988764,review,泛招聘词,,,
2391,遂宁市第一人民医院关于招收 2024年院内规范化培训护士的公告,https://www.snyyy.cn/rencaizhaopin/2024-03-25/10966.html,site_98_98,2026-04-03 16:44:48.987557,review,培训,,,
2390,遂宁市第一人民医院关于招收2024年规范化培训护士考试通知,https://www.snyyy.cn/rencaizhaopin/2024-05-06/11247.html,site_98_98,2026-04-03 16:44:48.986442,review,培训,,,
2389,遂宁市第一人民医院关于招聘定酬工作 人员的通告,https://www.snyyy.cn/rencaizhaopin/2024-06-25/11457.html,site_98_98,2026-04-03 16:44:48.985294,review,泛招聘词,,,
2388,遂宁市第一人民医院 关于招聘卫生专业技术人员的公告,https://www.snyyy.cn/rencaizhaopin/2024-11-18/11931.html,site_98_98,2026-04-03 16:44:48.983957,review,泛招聘词,,,
2387,遂宁市第一人民医院 关于长期招聘卫生专业技术人员的公告,https://www.snyyy.cn/rencaizhaopin/2025-02-10/12212.html,site_98_98,2026-04-03 16:44:48.982181,review,泛招聘词,,,
2386,遂宁市第一人民医院关于长期招聘优秀人才的公告,https://www.snyyy.cn/rencaizhaopin/2025-12-05/13187.html,site_98_98,2026-04-03 16:44:48.977985,review,泛招聘词,,,
2385,2026年4月关于招聘保安员及特勤警辅人员的公告,https://www.ahswmu.cn/detail/07cde41d-bf50-b813-1c82-4328e175.html,site_81_81,2026-04-03 16:44:35.944247,review,泛招聘词,,,
2384,自贡市第一人民医院招收2026年药师、康复治疗师、眼视光技师、医学影像技师、检验技师规范化培训学员公告,https://www.zgno1hos.com.cn/details/yygg/zxls/3578377.html,site_71_71,2026-04-03 16:44:16.381749,review,培训,,,
2379,四川省医学科学院·四川省人民医院关于延长神经外科医师招聘报名时间的补充公告,https://www.samsph.cn/hos_hr/2026/mepmqraM.html,site_30_30,2026-04-03 16:43:16.753126,review,泛招聘词,,,
2376,重庆市江津区中心医院 2026年护士规范化培训招生简章重庆市江津区中心医院为重庆市护士规范化培训基地，根据重庆市卫生健康委员会《关于开展2026年重庆市护士规范化培训招收工作的通知》，现将我院2026年护士规范化培训招生事宜公布如下：一、培训目的经过规范的临床..发布时间：2026-04-03访问人数：16,http://www.jjhospital.com.cn/html/content/26/04/28133.shtml,site_13_13,2026-04-03 16:43:05.087717,review,培训,,,
2375,绵阳市骨科医院见习人员招募公告,https://www.scsmysgkyy.cn/index.php?m=content&c=index&a=show&catid=20&id=261,site_183_183,2026-04-02 18:27:14.805184,review,见习,,,
2374,2026年上半年成都市温江区面向社会考核招聘副高级及以上职称教师公告,https://www.wenjiang.gov.cn/wjqrmzf/c177205/2026-04/02/content_b7e132345dd44eadbf20b29e93f6e242.shtml,site_151_151,2026-04-02 18:26:47.054748,review,泛招聘词,,,
2371,自贡市第四人民医院2026年技师及药师规范化培训招生简章,https://www.zg120.cn/Di/Jobs/Details/00310033003400310036.html,site_72_72,2026-04-02 18:24:41.413520,review,培训,,,
2370,自贡市第一人民医院2026年住院医师规范化培训招收简章（第四批）,https://www.zgno1hos.com.cn/details/yygg/zxls/36524663.html,site_71_71,2026-04-02 18:24:40.872480,review,培训,,,
2362,成都市社会科学院2026年公开考核招聘高层次人才公告,https://www.cdsk.org.cn/show/14933.html,site_151_151,2026-04-01 21:26:04.385052,review,泛招聘词,,,
2360,成都市郫都区人民医院 关于招聘辅助岗位职工的公告,https://www.pdqrmyy.cn/show/2026/04/01/1594.html,site_149_149,2026-04-01 21:25:51.793965,review,辅助岗,,,
2353,自贡市中医医院2026年编外人员招聘工作公告,https://www.zgszyyy.cn/zp-View-191-15153.html,site_75_75,2026-04-01 21:24:09.774482,review,泛招聘词,,,
2349,四川省医医学验光配镜眼镜有限公司招聘信息,https://www.samsph.cn/hos_hr/2026/nelgmJdK.html,site_30_30,2026-04-01 21:23:24.430950,review,泛招聘词,,,
2344,关于举办基层中医药服务能力提升培训班（经方理论与临床应用）的通知,http://www.scwsrc.com/news/detail?id=12419&mid=0,site_184_184,2026-03-31 14:26:10.603230,review,培训,,,
2342,重庆大地数博科技有限公司兼职招聘,https://www.cqljzp.com/announcement/index.php?id=1615,site_159_159,2026-03-31 14:25:35.610152,review,泛招聘词,,,
2341,某国有企业外包岗位招聘简章,https://www.cqljzp.com/announcement/index.php?id=1616,site_159_159,2026-03-31 14:25:35.604956,review,外包岗位 | 外包,,,
2337,宜宾市第四人民医院2026年第二次公开招募就业见习人员公告2026-03-31,https://www.ybsdsrmyy.com/job/1800.html,site_118_118,2026-03-31 14:24:14.227185,review,见习,,,
2319,成都市第六人民医院2026年护士规范化培训招收简章2026.03.30,https://www.cd6hospital.cn/gzb_ywgk_zbzp2_zpgs/010085000012412.html,site_46_46,2026-03-30 18:32:32.351100,review,培训,,,
2318,天府锦城实验室(前沿医学中心)招聘启示,https://www.wchscu.cn/public/notice/recruit/91210.html,site_42_42,2026-03-30 18:32:29.485705,review,泛招聘词,,,
2312,成都市青羊区教育局关于青羊区2026年面向社会公开考核招聘46名高级职称教师的公告,https://www.cdqingyang.gov.cn/qyqjyj/tzgg/2026-03/26/content_45a5fb243e3e44fbb687b0c4144d59a7.shtml,site_151_151,2026-03-27 20:35:54.502733,review,泛招聘词,,,
2298,关于考核引进编外专业技术人员的公告,http://www.dzsmkyy.com/index.php?m=content&c=index&a=show&catid=27&id=766,site_126_126,2026-03-27 20:34:47.035445,review,泛招聘词,,,
2296,关于公开自主招聘编制外护士的公告,http://www.dzsmkyy.com/index.php?m=content&c=index&a=show&catid=27&id=773,site_126_126,2026-03-27 20:34:47.033560,review,泛招聘词,,,
2293,关于公开自主招聘编制外专业技术人员的公告,http://www.dzsmkyy.com/index.php?m=content&c=index&a=show&catid=27&id=845,site_126_126,2026-03-27 20:34:47.030150,review,泛招聘词,,,
2291,关于公开自主招聘编制外信息系统运维管理员的公告,http://www.dzsmkyy.com/index.php?m=content&c=index&a=show&catid=27&id=860,site_126_126,2026-03-27 20:34:47.027574,review,泛招聘词,,,
2289,关于公开自主招聘编制外护士的公告,http://www.dzsmkyy.com/index.php?m=content&c=index&a=show&catid=27&id=871,site_126_126,2026-03-27 20:34:47.024905,review,泛招聘词,,,
2287,关于2025年2月公开自主招聘编制外护士的补充公告,http://www.dzsmkyy.com/index.php?m=content&c=index&a=show&catid=27&id=873,site_126_126,2026-03-27 20:34:47.022162,review,泛招聘词,,,
2284,关于公开自主招聘编制外卫生专业技术人员的公告,http://www.dzsmkyy.cn/index.php?m=content&c=index&a=show&catid=27&id=949,site_126_126,2026-03-27 20:34:47.016701,review,泛招聘词,,,
2279,四川大学华西医院张伟教授团队项目制科研助理招聘启事,https://www.wchscu.cn/public/notice/recruit/91171.html,site_42_42,2026-03-27 20:31:44.366473,review,科研助理,,,
2275,关于招聘外派康复治疗技师的通知,http://www.ncrmyy.com/html/content/26/03/19843.shtml,site_20_20,2026-03-27 20:31:04.327146,review,泛招聘词,,,
2273,两江新区人才发展集团外包岗位招聘简章,https://www.cqljzp.com/announcement/index.php?id=1614,site_159_159,2026-03-26 21:28:47.712598,review,外包岗位 | 外包,,,
2272,关于调减成都市青白江区医疗卫生事业单位2026年面向社会考核招聘急需紧缺卫生专业技术人才部分招聘岗位的公告,http://www.qbj.gov.cn/qbjq/c137429/2026-03/25/content_4387736f5fe94f9b87d8c657503c7b30.shtml,site_151_151,2026-03-26 21:28:37.074598,review,泛招聘词,,,
2271,成都市农林科学院2026年公开考核招聘高层次人才公告,http://www.cdnky.com/user/showinfo.aspx?id=3933,site_151_151,2026-03-26 21:28:37.070329,review,泛招聘词,,,
2266,四川省人民医院巴中医院·巴中市中心医院 2026年上半年引进卫生类高层次人才和急需紧缺专业人才公告,https://www.samsph.cn/hos_hr/2026/QbYmn9bz.html,site_30_30,2026-03-26 21:25:48.768511,review,泛招聘词,,,
2262,某国有企业外包岗位招聘简章,https://www.cqljzp.com/announcement/index.php?id=1613,site_159_159,2026-03-25 20:52:52.641760,review,外包岗位 | 外包,,,
2260,成都市成华区2026年上半年公开考核招聘教师公告,https://www.chenghua.gov.cn/chqrmzf/c144208/2026-03/25/content_4b8a23d867854e7191238c7e55274f6d.shtml,site_151_151,2026-03-25 20:52:39.024074,review,泛招聘词,,,
2256,关于招聘肿瘤科放疗物理技术室技师的简章,https://www.ahswmu.cn/detail/85cf7478-7843-4903-9851-1aeaa438.html,site_81_81,2026-03-25 20:50:44.792031,review,泛招聘词,,,
2254,自贡市第一人民医院关于2026年第二批编外人员招聘的补充公告,https://www.zgno1hos.com.cn/details/yygg/zxls/76435347.html,site_71_71,2026-03-25 20:50:28.611564,review,泛招聘词,,,
2246,成都中医药大学附属医院巴中医院（巴中市中医医院）2026年上半年引进卫生类高层次人才...,http://www.sctcm120.com/info/1093/18459.htm,site_34_34,2026-03-25 20:49:55.012518,review,泛招聘词,,,
2237,资阳市人民医院 2025年招聘劳务派遣工作人员的公告,https://www.zysrmyy.com/hos_hr/2025/BeXQoAay.html,site_188_188,2026-03-24 17:46:40.946885,review,劳务派遣 | 派遣,,,
2232,资阳市人民医院关于长期引进高层次人才的公告,https://www.zysrmyy.com/hos_hr/2025/penROle7.html,site_188_188,2026-03-24 17:46:40.942001,review,泛招聘词,,,
2220,232025-07四川省第二中医医院医疗卫生辅助岗招募公告浏览：1227,https://www.sc2zyy.com/newsshow.aspx?mid=414&id=12936,site_181_181,2026-03-24 17:46:34.109714,review,辅助岗,,,
2219,232025-07四川省第二中医医院科研助理岗位招聘公告浏览：1192,https://www.sc2zyy.com/newsshow.aspx?mid=414&id=12937,site_181_181,2026-03-24 17:46:34.108409,review,科研助理,,,
2214,272025-10四川省第二中医医院│成都医学院附属中医医院 2025年下半年补充招聘紧缺性临床医师的公告浏览：895,https://www.sc2zyy.com/newsshow.aspx?mid=414&id=14039,site_181_181,2026-03-24 17:46:34.099334,review,泛招聘词,,,
2210,剑阁县人民医院2017年合同制护士招聘公告,https://www.jgrmyy.cn/article.html?id=4645,site_172_172,2026-03-24 17:46:21.727298,review,合同制,,,
2209,关于举办职称英语培训班的通知,https://www.jgrmyy.cn/article.html?id=4644,site_172_172,2026-03-24 17:46:21.726164,review,培训,,,
2208,剑阁县人民医院2016年合同制护士招聘公告,https://www.jgrmyy.cn/article.html?id=4643,site_172_172,2026-03-24 17:46:21.725018,review,合同制,,,
2206,剑阁县人民医院2017年合同制护士招聘补充公告,https://www.jgrmyy.cn/article.html?id=4641,site_172_172,2026-03-24 17:46:21.722429,review,合同制,,,
2202,剑阁县人民医院见习生招录公告,https://www.jgrmyy.cn/article.html?id=4991,site_172_172,2026-03-24 17:46:21.716484,review,见习,,,
2184,重庆市大足区人民医院医共体石马分院招聘编外后勤人员的启事,http://www.dzqrmyy.com/index.php/news/detail?id=1450,site_165_165,2026-03-24 17:46:10.268227,review,泛招聘词,,,
2183,重庆医科大学附属大足医院招聘科室秘书、收费员的启事！,http://www.dzqrmyy.com/index.php/news/detail?id=1528,site_165_165,2026-03-24 17:46:10.266872,review,泛招聘词,,,
2182,大足区人民医院医共体石马中心卫生院、回龙镇卫生院招聘编外人员的启事,http://www.dzqrmyy.com/index.php/news/detail?id=1536,site_165_165,2026-03-24 17:46:10.265272,review,泛招聘词,,,
2181,重庆医科大学附属大足医院招聘保安人员的启事,http://www.dzqrmyy.com/index.php/news/detail?id=1613,site_165_165,2026-03-24 17:46:10.263663,review,泛招聘词,,,
2180,重庆医科大学附属大足医院招聘保安人员的启事,http://www.dzqrmyy.com/index.php/news/detail?id=1644,site_165_165,2026-03-24 17:46:10.262243,review,泛招聘词,,,
2179,重庆市大足区人民医院医共体单位招聘编外人员的启事,http://www.dzqrmyy.com/index.php/news/detail?id=1647,site_165_165,2026-03-24 17:46:10.260437,review,泛招聘词,,,
2172,关于2026年上半年成都市温江区面向社会考核招聘中级及以上职称教师初试成绩及进入复试人员名单的公告,https://www.wenjiang.gov.cn/wjqrmzf/c177205/2026-03/24/content_adab6b9c7da44b44a77e646314cf88ac.shtml,site_151_151,2026-03-24 17:45:57.125232,review,泛招聘词,,,
2155,2026年2月人才招聘延长报名时间的公告,https://www.sczy120.com/rcyj_zpgg1/2026/DdwKXwd1.html,site_132_132,2026-03-24 17:45:04.706878,review,泛招聘词,,,
2154,常年引进学科带头人、博士研究生以及业务骨干的公告,https://www.sczy120.com/rcyj_zpgg1/2026/xboj3jag.html,site_132_132,2026-03-24 17:45:04.705140,review,泛招聘词,,,
2153,雅安市中医医院编外自主招聘设备科工作人员的公告,https://www.scsyaszyyy.com/yydt_zpxx/010011900002861.html,site_130_130,2026-03-24 17:44:59.987952,review,泛招聘词,,,
2152,雅安市中医医院编外自主招聘药学部工作人员的公告,https://www.scsyaszyyy.com/yydt_zpxx/010011900002882.html,site_130_130,2026-03-24 17:44:59.987026,review,泛招聘词,,,
2150,雅安市中医医院进修生招生简章,https://www.scsyaszyyy.com/yydt_zpxx/010011900003178.html,site_130_130,2026-03-24 17:44:59.985033,review,进修,,,
2149,雅安市中医医院2025年上半年规培护士（见习生）招录公告,https://www.scsyaszyyy.com/yydt_zpxx/010011900003408.html,site_130_130,2026-03-24 17:44:59.983991,review,见习 | 规培,,,
2147,雅安市中医医院进修生招生简章,https://www.scsyaszyyy.com/yydt_zpxx/010011900003498.html,site_130_130,2026-03-24 17:44:59.981994,review,进修,,,
2145,雅安市中医医院2025年见习生招录公告,https://www.scsyaszyyy.com/yydt_zpxx/010011900003538.html,site_130_130,2026-03-24 17:44:59.979606,review,见习,,,
2144,四川业信人力资源外包服务有限公司2025年招聘公告,https://www.scsyaszyyy.com/yydt_zpxx/010011900003539.html,site_130_130,2026-03-24 17:44:59.978481,review,外包,,,
2143,雅安市中医医院2025年医疗卫生辅助岗招募公告,https://www.scsyaszyyy.com/yydt_zpxx/010011900003548.html,site_130_130,2026-03-24 17:44:59.977338,review,辅助岗,,,
2142,雅安市中医医院关于残疾人招聘的补充公告,https://www.scsyaszyyy.com/yydt_zpxx/010011900003555.html,site_130_130,2026-03-24 17:44:59.976188,review,泛招聘词,,,
2140,雅安市中医医院关于招聘药学部见习人员的补充公告,https://www.scsyaszyyy.com/yydt_zpxx/010011900003792.html,site_130_130,2026-03-24 17:44:59.973158,review,见习,,,
2139,雅安市中医医院进修生招生简章,https://www.scsyaszyyy.com/yydt_zpxx/010011900003826.html,site_130_130,2026-03-24 17:44:59.970378,review,进修,,,
2129,雅安市人民医院关于转发《雅安市2022年“雅州英才”工程赴外招才引智引进高…,https://www.yasyy.com/news/yasyy_1801/2022411/3539.html,site_128_128,2026-03-24 17:44:55.122260,review,泛招聘词,,,
2128,雅安市人民医院科研助理招聘公告,https://www.yasyy.com/news/yasyy_1801/2022726/3766.html,site_128_128,2026-03-24 17:44:55.121256,review,科研助理,,,
2126,雅安市人民医院科研助理招聘公告,https://www.yasyy.com/news/yasyy_1801/202292/3851.html,site_128_128,2026-03-24 17:44:55.118838,review,科研助理,,,
2123,雅安市人民医院2023年院内招聘护士及护士规范化培训招生简章,https://www.yasyy.com/news/yasyy_1801/2023221/4234.html,site_128_128,2026-03-24 17:44:55.115090,review,培训,,,
2119,雅安市人民医院•四川大学华西医院雅安医院 2026年住院医师规范化培训…,https://www.yasyy.com/news/yasyy_1801/2026214/7905.html,site_128_128,2026-03-24 17:44:55.106386,review,培训,,,
2118,招聘信息,https://www.dz2yy.com/News/View.asp?ID=1296,site_125_125,2026-03-24 17:44:46.791503,review,泛招聘词,,,
2115,达州市中西医结合医院2022年中医住院医师规范化培训招生简章,https://www.dz2yy.com/News/View.asp?ID=2987,site_125_125,2026-03-24 17:44:46.788290,review,培训,,,
2112,达州市中西医结合医院2022年护士规范化培训招生简章,https://www.dz2yy.com/News/View.asp?ID=3368,site_125_125,2026-03-24 17:44:46.785002,review,培训,,,
2110,达州市中西医结合医院关于长期招聘高层次人才的公告,https://www.dz2yy.com/News/View.asp?ID=3394,site_125_125,2026-03-24 17:44:46.782888,review,泛招聘词,,,
2097,【人才招聘】岳池县中医医院2025年招收见习工作人员的公告,http://www.ycxzyyy.cn/plus/view.scjg?aid=8966,site_123_123,2026-03-24 17:44:45.743207,review,见习,,,
2093,岳池县中医医院2026年护士规范化培训招生公告,http://www.ycxzyyy.cn/plus/view.scjg?aid=9072,site_123_123,2026-03-24 17:44:45.735610,review,培训,,,
2091,岳池县中医医院2026年招收见习工作人员的公告,http://www.ycxzyyy.cn/plus/view.scjg?aid=9129,site_123_123,2026-03-24 17:44:45.728082,review,见习,,,
2085,宜宾市第四人民医院2025年第二次公开招募就业见习人员公告2025-10-11,https://www.ybsdsrmyy.com/job/1693.html,site_118_118,2026-03-24 17:44:39.327387,review,见习,,,
2083,宜宾市第四人民医院2026年第一次公开招募就业见习人员公告2026-03-06,https://www.ybsdsrmyy.com/job/1787.html,site_118_118,2026-03-24 17:44:39.324842,review,见习,,,
2079,宜宾市第三人民医院关于2023年下半年公开考核招聘引进高层次人才公告,https://www.666120.cn/zpxx_detail?id=12,site_117_117,2026-03-24 17:44:39.083860,review,泛招聘词,,,
2075,宜宾市第三人民医院关于2024年上半年公开考核招聘引进高层次人才公告,https://www.666120.cn/zpxx_detail?id=16,site_117_117,2026-03-24 17:44:39.056513,review,泛招聘词,,,
2059,南充市身心医院招聘考试公告,https://www.ncsxyy.com/news/zpxx/2019-09-06/866.html,site_113_113,2026-03-24 17:44:27.466278,review,泛招聘词,,,
2055,南充市第六人民医院2019年秋季招聘信息,https://www.ncsxyy.com/news/zpxx/2019-10-22/906.html,site_113_113,2026-03-24 17:44:27.463170,review,泛招聘词,,,
2053,南充市第六人民医院2020年春季招聘信息,https://www.ncsxyy.com/news/zpxx/2020-03-10/1034.html,site_113_113,2026-03-24 17:44:27.461580,review,泛招聘词,,,
2052,南充市身心医院人事科关于组织春季招聘考试活动的通知,https://www.ncsxyy.com/news/zpxx/2020-03-19/1044.html,site_113_113,2026-03-24 17:44:27.460762,review,泛招聘词,,,
2049,南充市第六人民医院2020年秋季招聘信息,https://www.ncsxyy.com/news/zpxx/2020-09-24/1245.html,site_113_113,2026-03-24 17:44:27.458337,review,泛招聘词,,,
2048,南充市身心医院2021年春季招聘信息,https://www.ncsxyy.com/news/zpxx/2021-04-02/1411.html,site_113_113,2026-03-24 17:44:27.457524,review,泛招聘词,,,
2047,南充市身心医院(南充市第六人民医院)2021年秋季招聘信息,https://www.ncsxyy.com/news/zpxx/2021-11-15/1512.html,site_113_113,2026-03-24 17:44:27.456691,review,泛招聘词,,,
2041,南充市身心医院2024年医疗护理员培训基地招生简章,https://www.ncsxyy.com/news/zpxx/2024-02-21/2388.html,site_113_113,2026-03-24 17:44:27.451428,review,培训,,,
2024,关于招聘编制外工作人员报名相关事宜的补充公告,https://www.lssjswszx.cn/h-nd-56.html,site_109_109,2026-03-24 17:44:24.635275,review,泛招聘词,,,
2023,乐山市精神卫生中心 关于招聘编制外工作人员的公告,https://www.lssjswszx.cn/h-nd-323.html,site_109_109,2026-03-24 17:44:24.634221,review,泛招聘词,,,
2022,乐山市精神卫生中心 关于招聘编制外工作人员的公告,https://www.lssjswszx.cn/h-nd-514.html,site_109_109,2026-03-24 17:44:24.633210,review,泛招聘词,,,
2021,乐山市精神卫生中心 关于2024年招聘编制外工作人员的公告,https://www.lssjswszx.cn/h-nd-607.html,site_109_109,2026-03-24 17:44:24.632078,review,泛招聘词,,,
2020,乐山市精神卫生中心关于自主招聘高校毕业生的公告,https://www.lssjswszx.cn/h-nd-670.html,site_109_109,2026-03-24 17:44:24.630787,review,泛招聘词,,,
2019,乐山市精神卫生中心 乐山市老年医院  关于2025年自主招聘工作人员的公告,https://www.lssjswszx.cn/h-nd-695.html,site_109_109,2026-03-24 17:44:24.629360,review,泛招聘词,,,
2018,乐山市精神卫生中心 乐山市老年医院 关于2025年自主招聘工作人员的公告,https://www.lssjswszx.cn/h-nd-710.html,site_109_109,2026-03-24 17:44:24.627708,review,泛招聘词,,,
2017,关于2025年自主招聘工作人员的公告,https://www.lssjswszx.cn/h-nd-739.html,site_109_109,2026-03-24 17:44:24.626486,review,泛招聘词,,,
2016,关于2025年自主招聘工作人员的公告,https://www.lssjswszx.cn/h-nd-798.html,site_109_109,2026-03-24 17:44:24.625153,review,泛招聘词,,,
2015,关于2026年自主招聘工作人员的公告,https://www.lssjswszx.cn/h-nd-812.html,site_109_109,2026-03-24 17:44:24.622749,review,泛招聘词,,,
2011,关于开展乐山市人民医院2025年春季自主招聘护理人员考核工作的通知,https://www.leshan-hospital.com.cn/aspx/view_7C659942B2BAFCF1.html,site_107_107,2026-03-24 17:44:24.238147,review,泛招聘词,,,
2000,乐山市人民医院2025年临床检验技师（士）规范化培训招收简章,https://www.leshan-hospital.com.cn/aspx/view_B688473604CEA067.html,site_107_107,2026-03-24 17:44:24.227575,review,培训,,,
1997,乐山市人民医院关于招聘心血管内科主任的公告,https://www.leshan-hospital.com.cn/aspx/view_EBCA2DEC8F4EBE99.html,site_107_107,2026-03-24 17:44:24.224029,review,泛招聘词,,,
1996,乐山市人民医院关于招聘核医学科主任的公告,https://www.leshan-hospital.com.cn/aspx/view_058979056BE046AD.html,site_107_107,2026-03-24 17:44:24.222744,review,泛招聘词,,,
1995,乐山市人民医院关于常态化引进医学博士人才的公告,https://www.leshan-hospital.com.cn/aspx/view_7404118E3A996B1F.html,site_107_107,2026-03-24 17:44:24.220853,review,泛招聘词,,,
1994,剑阁县中医院招聘临床医生信息,http://www.jgxzyy.cn/article.html?id=452,site_97_97,2026-03-24 17:44:16.782105,review,泛招聘词,,,
1992,剑阁县中医院2017年医学毕业生招聘计划,http://jgxzy.com/info/511.htm,site_97_97,2026-03-24 17:44:16.779726,review,泛招聘词,,,
1991,剑阁县中医院2017年招聘计划,http://www.jgxzyy.cn/article.html?id=536,site_97_97,2026-03-24 17:44:16.778517,review,泛招聘词,,,
1989,剑阁县中医医院合同制医学影像技术人员紧急招聘公告,http://www.jgxzyy.cn/article.html?id=999,site_97_97,2026-03-24 17:44:16.775686,review,合同制,,,
1985,江油市中医医院 2026年春季四川省医疗护理员培训基地 招生简章,https://www.jyszyyy.cn/News/View.asp?ID=1333,site_95_95,2026-03-24 17:44:15.420189,review,培训,,,
1978,欢迎加入！德阳市口腔医院2025年秋季 进修招生简章来了！,https://www.dykq120.com/index.php/shows/53/1465.html,site_86_86,2026-03-24 17:44:09.616877,review,进修,,,
1970,德阳市卫生健康委员会关于直属事业单位2025年公开考核招聘专业技术人员的公告,https://www.dykq120.com/index.php/shows/53/1520.html,site_86_86,2026-03-24 17:44:09.608598,review,泛招聘词,,,
1967,德阳市口腔医院2026年总体拟招聘计划表,https://www.dykq120.com/index.php/shows/53/1564.html,site_86_86,2026-03-24 17:44:09.605052,review,泛招聘词,,,
1963,欢迎加入！德阳市口腔医院2026年春季 进修招生简章来了！,https://www.dykq120.com/index.php/shows/53/1639.html,site_86_86,2026-03-24 17:44:09.599291,review,进修,,,
1952,攀枝花市中心医院招聘见习生,https://mp.weixin.qq.com/s/IABhE0c782XNIrcYn31vmA,site_80_80,2026-03-24 17:44:03.874500,review,见习,,,
1951,逐梦医途，从规培开始——2026年攀枝花学院附属医院规培招生进行时！,https://www.pdfy999.cn/index/detail/25/2155,site_79_79,2026-03-24 17:44:01.949813,review,规培,,,
1950,•二〇一七年十月招聘编制计划外护理人员补充公告,https://www.fsx120.cn/View_487_1811.html,site_77_77,2026-03-24 17:43:59.352511,review,泛招聘词,,,
1949,•二〇一七年十月招聘编制计划外放射技师（士）公告,https://www.fsx120.cn/View_487_1812.html,site_77_77,2026-03-24 17:43:59.351440,review,泛招聘词,,,
1947,•二〇一八年六月招聘编制计划外护理员公告,https://www.fsx120.cn/View_487_1825.html,site_77_77,2026-03-24 17:43:59.349345,review,泛招聘词,,,
1945,•招聘院内规范化培训护士通知,https://www.fsx120.cn/View_487_1828.html,site_77_77,2026-03-24 17:43:59.347236,review,培训,,,
1941,•招聘院内规范化培训护士通知,https://www.fsx120.cn/View_487_2205.html,site_77_77,2026-03-24 17:43:59.341868,review,培训,,,
1940,•富顺县人民医院关于招聘见习护士的公告,https://www.fsx120.cn/View_487_2515.html,site_77_77,2026-03-24 17:43:59.340416,review,见习,,,
1939,•富顺县人民医院2022年招聘信息（此招聘信息长期有效）,https://www.fsx120.cn/View_487_2611.html,site_77_77,2026-03-24 17:43:59.338744,review,泛招聘词,,,
1938,•富顺县人民医院2023年招聘信息,https://www.fsx120.cn/View_487_5696.html,site_77_77,2026-03-24 17:43:59.336427,review,泛招聘词,,,
1937,•富顺县人民医院2024年度人才招聘（此招聘信息长期有效，招满为止）,https://www.fsx120.cn/View_487_6745.html,site_77_77,2026-03-24 17:43:59.334643,review,泛招聘词,,,
1936,•富顺县人民医院2025年人员招聘需求,https://www.fsx120.cn/View_487_9016.html,site_77_77,2026-03-24 17:43:59.330417,review,泛招聘词,,,
1935,自贡市第一人民医院招聘耳鼻咽喉头颈外科人员公告,https://www.zgno1hos.com.cn/details/yygg/zxls/87774203.html,site_71_71,2026-03-24 17:43:51.644403,review,泛招聘词,,,
1934,自贡市第一人民医院招聘医疗辅助岗人员公告,https://www.zgno1hos.com.cn/details/yygg/zxls/6087507.html,site_71_71,2026-03-24 17:43:51.641623,review,辅助岗,,,
1933,金堂县中医医院2026年自主招聘岗位公告,https://www.jtxzyyy.com/xinwenzhongxin/775.html,site_63_63,2026-03-24 17:43:46.209314,review,泛招聘词,,,
1926,成都市新都区第三人民医院招聘编外专业技术人员公告2024-07-04,https://www.xdqdsrmyy.com/home/news/view/id/761.html,site_55_55,2026-03-24 17:43:40.723870,review,泛招聘词,,,
1922,成都市新都区第三人民医院 招聘编外专业技术人员公告2024-09-11,https://www.xdqdsrmyy.com/home/news/view/id/780.html,site_55_55,2026-03-24 17:43:40.720305,review,泛招聘词,,,
1907,成都市新都区第三人民医院 2025年第四季度自主招聘编外专业技术人员公告2025-11-18,https://www.xdqdsrmyy.com/home/news/view/id/1001.html,site_55_55,2026-03-24 17:43:40.703984,review,泛招聘词,,,
1897,四川大学华西第四医院泌尿外科/盆底男科科研助理选聘,https://www.wcfh.com.cn/zhb_tzgg_rczp/010005700015388.html,site_41_41,2026-03-24 17:43:28.516368,review,科研助理,,,
1893,四川大学华西第四医院尘肺科/呼吸与危重症医学科科研助理选聘,https://www.wcfh.com.cn/zhb_tzgg_rczp/010005700016057.html,site_41_41,2026-03-24 17:43:28.512724,review,科研助理,,,
1886,四川大学华西第四医院甲状腺乳腺外科科研助理招聘,https://www.wcfh.com.cn/zhb_tzgg_rczp/010005700016972.html,site_41_41,2026-03-24 17:43:28.505206,review,科研助理,,,
1883,成都大学附属医院临时招聘消防监控中心操作员启事,https://cdfy120.cdu.edu.cn/info/1174/12460.htm,site_33_33,2026-03-24 17:43:20.852161,review,泛招聘词,,,
1882,成都大学附属医院临时招聘导医启事,https://cdfy120.cdu.edu.cn/info/1174/12482.htm,site_33_33,2026-03-24 17:43:20.851331,review,泛招聘词,,,
1879,成都大学附属医院2025年度护士规范化培训招收简章,https://cdfy120.cdu.edu.cn/info/1174/12713.htm,site_33_33,2026-03-24 17:43:20.848922,review,培训,,,
1878,成都大学附属医院关于2025年上半年公开考试招聘工作人员的公告,https://cdfy120.cdu.edu.cn/info/1174/12728.htm,site_33_33,2026-03-24 17:43:20.848076,review,泛招聘词,,,
1864,关于2025“蓉漂人才荟”成都市医疗卫生事业单位公开（考核）招聘2025年、2026年医...,https://cdfy120.cdu.edu.cn/info/1174/13224.htm,site_33_33,2026-03-24 17:43:20.834718,review,泛招聘词,,,
1858,成都大学附属医院2025年公开考核招聘高层次人才公告,https://cdfy120.cdu.edu.cn/info/1174/13516.htm,site_33_33,2026-03-24 17:43:20.827856,review,泛招聘词,,,
1853,成都市第二人民医院2026年护士规范化培训学员招收理论考试安排公告,https://www.cd2120.com/news_offer/2026/1aKLyJbQ.html,site_29_29,2026-03-24 17:43:18.813642,review,培训,,,
1835,重庆医科大学附属永川医院招聘部分工作人员简章,https://www.ychcqmu.com/recruitment_system_rszp_qtryzp/130026200000264.html,site_15_15,2026-03-24 17:43:11.328163,review,泛招聘词,,,
1834,重庆医科大学附属永川医院招聘部分工作人员简章,https://www.ychcqmu.com/recruitment_system_rszp_qtryzp/130026200000265.html,site_15_15,2026-03-24 17:43:11.327160,review,泛招聘词,,,
1833,重庆医科大学附属永川医院招聘部分工作人员简章,https://www.ychcqmu.com/recruitment_system_rszp_qtryzp/130026200000267.html,site_15_15,2026-03-24 17:43:11.326021,review,泛招聘词,,,
1832,重庆医科大学附属永川医院招聘援巴新医疗队厨师,https://www.ychcqmu.com/recruitment_system_rszp_qtryzp/130026200000268.html,site_15_15,2026-03-24 17:43:11.324920,review,泛招聘词,,,
1830,重庆医科大学附属永川医院招聘部分工作人员简章（康复治疗师）,https://www.ychcqmu.com/recruitment_system_rszp_qtryzp/130026200000270.html,site_15_15,2026-03-24 17:43:11.322512,review,泛招聘词,,,
1818,重庆市渝北区人民医院常年引进高层次人才计划,https://www.ybqrmyy.com/pageInfoArt.html?artId=19&page=1,site_8_8,2026-03-24 17:42:58.510157,review,泛招聘词,,,
1817,重庆市渝北区人民医院2024年上半年招聘编外聘用工作人员简章,https://www.ybqrmyy.com/pageInfoArt.html?artId=485&page=1,site_8_8,2026-03-24 17:42:58.508453,review,泛招聘词,,,
1815,医院2024年第四季度招聘编外聘用工作人员简章,https://www.ybqrmyy.com/pageInfoArt.html?artId=869&page=1,site_8_8,2026-03-24 17:42:58.505233,review,泛招聘词,,,
1814,重庆市渝北区人民医院2025年上半年招聘编外聘用工作人员简章,https://www.ybqrmyy.com/pageInfoArt.html?artId=1058&page=1,site_8_8,2026-03-24 17:42:58.503619,review,泛招聘词,,,
1813,重庆市渝北区人民医院2025年第三季度招聘编外聘用人员简章,https://www.ybqrmyy.com/pageInfoArt.html?artId=1176&page=1,site_8_8,2026-03-24 17:42:58.499144,review,泛招聘词,,,
1812,重庆市涪陵区人民医院  招聘检验抽血岗、导医岗、水电工岗简章,https://www.flqrmyy.com/show-65-796.html,site_168_168,2026-03-23 20:16:51.757261,review,泛招聘词,,,
1809,重庆市涪陵区人民医院2021年3月招聘临床护理岗简章,https://www.flqrmyy.com/show-65-850.html,site_168_168,2026-03-23 20:16:51.752698,review,泛招聘词,,,
1807,重庆市涪陵区人民医院2021年9月招聘疼痛与康复医学科理疗岗简章,https://www.flqrmyy.com/show-65-950.html,site_168_168,2026-03-23 20:16:51.749616,review,泛招聘词,,,
1794,重庆市涪陵区人民医院招聘非编工作人员公告,https://www.flqrmyy.com/show-65-1452.html,site_168_168,2026-03-23 20:16:51.725577,review,泛招聘词,,,
1791,・宜宾市第一人民医院招人啦！（2025年第二批住院医师规范化培训招收简章）,https://www.yb999.com/News/15934.html,site_116_116,2026-03-23 20:15:58.247195,review,培训,,,
1789,重庆市红十字会医院（江北区人民医院） 2025年自主招聘非编护士简章,https://www.cqshszhyy.cn/html/content/25/04/4708.shtml,site_162_162,2026-03-23 18:16:22.515862,review,泛招聘词,,,
1788,重庆市红十字会医院（江北区人民医院） 非编招聘工作人员,https://www.cqshszhyy.cn/html/content/25/06/5277.shtml,site_162_162,2026-03-23 18:16:22.513819,review,泛招聘词,,,
1787,重庆市红十字会医院（江北区人民医院） 长期引进学科带头人及年轻博士人才公告,https://www.cqshszhyy.cn/html/content/25/07/5351.shtml,site_162_162,2026-03-23 18:16:22.511333,review,泛招聘词,,,
1785,2026年上半年崇州市卫生健康局公开考核招聘卫生专业技术人员公告,https://www.chongzhou.gov.cn/chongzhou/c139022/2026-03/12/content_60e7927d66944466907c78b7637ebf2d.shtml,site_152_152,2026-03-23 18:16:20.901693,review,泛招聘词,,,
1784,2026年崇州市教育局公开考核招聘教师公告,https://www.chongzhou.gov.cn/chongzhou/c139022/2026-03/12/content_19a96567baef4cc5bac0da8cbb1556c4.shtml,site_152_152,2026-03-23 18:16:20.899988,review,泛招聘词,,,
1780,成都市文化广电旅游局关于所属成都市文物考古研究院公开考核招聘4名高层次人才取消个别岗位的公告,"https://cdpta.cdrsigc.com/javascript:showpageinfo('60226004','/frt/frtuploadfile/uploadfile/bulletin/2026/2603161458272242603161458272245oae.html','0','0')",site_152_152,2026-03-23 18:16:20.894320,review,泛招聘词,,,
1779,成都市青白江区卫健局所属事业单位2026年考核招聘高层次卫生专业技术人才公告,http://www.qbj.gov.cn/qbjq/c137429/2026-03/13/content_5bb58b9ae3a140b18ecc5363719164fc.shtml,site_152_152,2026-03-23 18:16:20.892818,review,泛招聘词,,,
1777,2026年上半年“蓉漂人才荟”成都市双流区公开考核招聘3名事业单位工作人员的补充公告,"https://cdpta.cdrsigc.com/javascript:showpageinfo('60226971','/frt/frtuploadfile/uploadfile/bulletin/2026/2603170956041242603170956041245igk.html','0','0')",site_152_152,2026-03-23 18:16:20.889908,review,泛招聘词,,,
1775,成都市2026年上半年“蓉漂人才荟”武侯区公开考核招聘8名事业单位工作人员公告,https://cdpta.cdrsigc.com/netpage/noticecontent.jsp?typeid=60&contentid=/frt/frtuploadfile/uploadfile/bulletin/2026/260311171040471260311171040471ihkl.html,site_152_152,2026-03-23 18:16:20.886941,review,泛招聘词,,,
1774,2026年成都市郫都区“蓉漂人才荟”  面向高校毕业生公开考核招聘事业人员的公告,https://cdpta.cdrsigc.com/netpage/noticecontent.jsp?typeid=60&contentid=/frt/frtuploadfile/uploadfile/bulletin/2026/2603120910009372603120910009379c65.html,site_152_152,2026-03-23 18:16:20.885439,review,泛招聘词,,,
1772,成都经济技术开发区（龙泉驿区）2026上半年“蓉漂人才荟” 公开考核招聘事业单位工作人员公告,https://cdpta.cdrsigc.com/netpage/noticecontent.jsp?typeid=60&contentid=/frt/frtuploadfile/uploadfile/bulletin/2026/260311153739107260311153739107vvwf.html,site_152_152,2026-03-23 18:16:20.882362,review,泛招聘词,,,
1770,2026年上半年“蓉漂人才荟”崇州市事业单位公开考核招聘高层次人才公告,https://cdpta.cdrsigc.com/netpage/noticecontent.jsp?typeid=60&contentid=/frt/frtuploadfile/uploadfile/bulletin/2026/2603120911410062603120911410066uvz.html,site_152_152,2026-03-23 18:16:20.879226,review,泛招聘词,,,
1769,2026年“蓉漂人才荟”都江堰市事业单位赴外公开考核招聘工作人员公告,https://cdpta.cdrsigc.com/netpage/noticecontent.jsp?typeid=60&contentid=/frt/frtuploadfile/uploadfile/bulletin/2026/260312091629082260312091629082qlpw.html,site_152_152,2026-03-23 18:16:20.877617,review,泛招聘词,,,
1766,2026“蓉漂人才荟”彭州市事业单位赴外公开考核招聘10名工作人员公告,https://cdpta.cdrsigc.com/netpage/noticecontent.jsp?typeid=60&contentid=/frt/frtuploadfile/uploadfile/bulletin/2026/2603111634028902603111634028908vr1.html,site_152_152,2026-03-23 18:16:20.872475,review,泛招聘词,,,
1763,2026年上半年“蓉漂人才荟”成都市双流区公开考核招聘3名事业单位工作人员公告,https://cdpta.cdrsigc.com/netpage/noticecontent.jsp?typeid=60&contentid=/frt/frtuploadfile/uploadfile/bulletin/2026/260311171019854260311171019854bu9^.html,site_152_152,2026-03-23 18:16:20.866579,review,泛招聘词,,,
1758,成都高新区2026年面向社会公开考核招聘高层次教育人才公告,https://www.cdht.gov.cn/cdht/c139819/2026-03/19/content_7fe3ad8e8995465487ef143d3484c1f5.shtml,site_152_152,2026-03-23 18:16:20.855717,review,泛招聘词,,,
1755,大竹县人民医院关于2022年护士规范化培训招生考试时间的公告,https://www.scdz120.com/go-a1675.htm,site_127_127,2026-03-23 18:15:57.144206,review,培训,,,
1754,大竹县人民医院护士规范化培训2022年招生简章（第二轮）,https://www.scdz120.com/go-a1676.htm,site_127_127,2026-03-23 18:15:57.142561,review,培训,,,
1753,大竹县人民医院护士规范化培训2024年招生简章,https://www.scdz120.com/go-a2623.htm,site_127_127,2026-03-23 18:15:57.140948,review,培训,,,
1751,大竹县人民医院护士规范化培训2025年招生简章,https://www.scdz120.com/go-a2999.htm,site_127_127,2026-03-23 18:15:57.137477,review,培训,,,
1750,大竹县人民医院 关于招收2026年自主联系实习生的通知,https://www.scdz120.com/go-a3159.htm,site_127_127,2026-03-23 18:15:57.125025,review,实习生,,,
1741,江油市人民医院2025年招募见习生公告,https://www.scjysrmyy.com/html/News/GongGao/RenYuanZhaoPin/202504/202504273Py5Rl5Lv5Gf44413872.html,site_94_94,2026-03-23 18:15:46.677431,review,见习,,,
1721,>泸县第二人民医院招聘精神科医生,https://www.lxery.com/go.htm?url=home_detail&ctype=article&id=74624&k=zhao_pin_xin_xi,site_84_84,2026-03-23 18:15:27.531316,review,泛招聘词,,,
1718,"成都市第六人民医院

2025年10月编外招聘工作人员公告2025.09.29",https://www.cd6hospital.cn/gzb_ywgk_zbzp2_zpgs/010085000011965.html,site_46_46,2026-03-23 18:15:25.673251,review,泛招聘词,,,
1717,成都市卫生健康委员会关于2025“蓉漂人才荟”考核招聘高校毕业生的补充公告2025.10.11,https://www.cd6hospital.cn/gzb_ywgk_zbzp2_zpgs/010085000011982.html,site_46_46,2026-03-23 18:15:25.671684,review,泛招聘词,,,
1714,成都市卫生健康委员会所属事业单位公开考核招聘高层次人才公告2025.11.12,https://www.cd6hospital.cn/gzb_ywgk_zbzp2_zpgs/010085000012078.html,site_46_46,2026-03-23 18:15:25.666971,review,泛招聘词,,,
1713,成都市第六人民医院2025年12月编外招聘工作人员公告2025.12.10,https://www.cd6hospital.cn/gzb_ywgk_zbzp2_zpgs/010085000012169.html,site_46_46,2026-03-23 18:15:25.665285,review,泛招聘词,,,
1710,成都市第六人民医院2026年3月编外招聘工作人员公告2026.03.10,https://www.cd6hospital.cn/gzb_ywgk_zbzp2_zpgs/010085000012368.html,site_46_46,2026-03-23 18:15:25.659690,review,泛招聘词,,,
1707,成都市第六人民医院2026年医疗护理员培训基地招生简章2026.03.20,https://www.cd6hospital.cn/gzb_ywgk_zbzp2_zpgs/010085000012390.html,site_46_46,2026-03-23 18:15:25.653685,review,培训,,,
1666,培训进修,https://www.xyy120.cn/index.php?m=content&c=index&a=lists&catid=20,site_188_188,2026-03-23 15:04:46.606270,review,培训 | 进修,,,
1636,2026年科研专题培训班重磅来袭！ 赋能医疗科研，解锁创新密码,http://www.scwsrc.com/news/detail?id=12406&mid=0,site_186_186,2026-03-23 15:04:43.700898,review,培训,,,
1632,解锁健康传播新技能！2026医学科普创作培训班重磅来袭,http://www.scwsrc.com/news/detail?id=12410&mid=0,site_186_186,2026-03-23 15:04:43.688735,review,培训,,,
1623,人才招聘,https://www.scsmysgkyy.cn/index.php?m=content&c=index&a=show&catid=20&id=241,site_185_185,2026-03-23 15:04:42.271701,review,泛招聘词,,,
1577,乐山市市中区妇幼保健院2025年公开自主招聘编制外专业技术人员的公告,https://www.leshan.cn/html/A5DA78F4AEF50D08/2025/12/01/view_94CE4CF93460A4DD.html,site_177_177,2026-03-23 15:04:18.612847,review,泛招聘词,,,
1576,乐山市市中区妇幼保健院 2025年公开自主招聘编制外专业技术人员的公告,https://www.leshan.cn/html/A5DA78F4AEF50D08/2025/12/01/view_D947CA2117DC4BA5.html,site_177_177,2026-03-23 15:04:18.610989,review,泛招聘词,,,
1567,乐山市市中区妇幼保健院 2026年新药引进公告,https://www.leshan.cn/html/A5DA78F4AEF50D08/2026/03/10/view_4D5CC633544F6B7C.html,site_177_177,2026-03-23 15:04:18.587006,review,泛招聘词,,,
1548,广元市中心医院2025年下半年医疗护理员培训招生简章,https://www.gyszxyy.cn/newsshow.html?cls1=2&cls2=20&id=67281,site_172_172,2026-03-23 15:03:45.658465,review,培训,,,
1545,广元市中心医院2026年住院医师规范化培训招收简章,https://www.gyszxyy.cn/newsshow.html?cls1=2&cls2=20&id=67592,site_172_172,2026-03-23 15:03:45.652256,review,培训,,,
1544,广元市中心医院2025-2026年高层次人才招聘考核有关事项的公告,https://www.gyszxyy.cn/newsshow.html?cls1=2&cls2=20&id=67661,site_172_172,2026-03-23 15:03:45.650180,review,泛招聘词,,,
1538,广元市中心医院2026年第二批住院医师规范化培训招收简章,https://www.gyszxyy.cn/newsshow.html?cls1=2&cls2=20&id=67786,site_172_172,2026-03-23 15:03:45.632827,review,培训,,,
1523,·关于招收重症护理进修学员的公告,https://www.dzcch.com/show_news/show_news_6402.html,site_166_166,2026-03-23 15:03:18.991030,review,进修,,,
1512,·达州市中心医院2026年第二批住院医师规范化培训招收简章,https://www.dzcch.com/show_news/show_news_6491.html,site_166_166,2026-03-23 15:03:18.967681,review,培训,,,
1500,达州市第一人民医院关于长期招聘人才的公告2024-09-29,https://www.dz1yy.cn/show/834.html,site_165_165,2026-03-23 15:03:17.374343,review,泛招聘词,,,
1496,达州市第一人民医院关于开展校园招聘人才的公告2024-10-25,https://www.dz1yy.cn/show/885.html,site_165_165,2026-03-23 15:03:17.366889,review,泛招聘词,,,
1490,四川省人民医院川东医院·达州市第一人民医院2025年第二批自主招聘卫生专业技术人员的公告2025-06-23,https://www.dz1yy.cn/show/1955.html,site_165_165,2026-03-23 15:03:17.353126,review,泛招聘词,,,
1485,达州市第一人民医院 进修招生公告2026-01-06,https://www.dz1yy.cn/show/3050.html,site_165_165,2026-03-23 15:03:17.328985,review,进修,,,
1484,某单位外包岗位招聘简章,https://www.cqljzp.com/announcement/index.php?id=1603,site_161_161,2026-03-23 15:03:00.193023,review,外包岗位 | 外包,,,
1483,泰科防务科技（重庆）有限公司派遣岗位招聘简章,https://www.cqljzp.com/announcement/index.php?id=1604,site_161_161,2026-03-23 15:03:00.191113,review,派遣,,,
1480,重庆某国企外包员工招聘简章,https://www.cqljzp.com/announcement/index.php?id=1608,site_161_161,2026-03-23 15:03:00.185754,review,外包,,,
1479,某单位外包项目招聘简章,https://www.cqljzp.com/announcement/index.php?id=1606,site_161_161,2026-03-23 15:03:00.183546,review,外包,,,
1478,重庆两江鱼复智选假日酒店劳务派遣岗位（前厅部经理）招聘简章,https://www.cqljzp.com/announcement/index.php?id=1609,site_161_161,2026-03-23 15:03:00.181486,review,劳务派遣 | 派遣,,,
1477,某国企外包岗位（品质管理）招聘简章,https://www.cqljzp.com/announcement/index.php?id=1610,site_161_161,2026-03-23 15:03:00.179313,review,外包岗位 | 外包,,,
1476,某国企外包岗位（前台工作人员）招聘简章,https://www.cqljzp.com/announcement/index.php?id=1612,site_161_161,2026-03-23 15:03:00.176910,review,外包岗位 | 外包,,,
1466,四川省残疾人联合会直属事业单位四川省八一康复中心（四川省康复医院）2024年公开考核招聘专业技术人才公告2024-11-08,https://www.scpta.com.cn/content-62-A1909C05E2AC0F59,site_157_157,2026-03-23 15:02:49.096229,review,泛招聘词,,,
1459,四川省第四人民医院•四川大学华西春熙医院招募医疗卫生辅助岗项目人员公告,https://m.scsdsrmyy.cn/ennews_recruitment/2025/vbmZEOdY.html,site_155_155,2026-03-23 15:02:46.127412,review,辅助岗,,,
1458,四川省第四人民医院•四川大学华西春熙医院招募医疗卫生辅助岗项目人员公告,https://m.scsdsrmyy.cn/ennews_recruitment/2025/RdG690bD.html,site_155_155,2026-03-23 15:02:46.124716,review,辅助岗,,,
1457,四川省第四人民医院•四川大学华西春熙医院招募医疗卫生辅助岗项目人员公告,https://m.scsdsrmyy.cn/ennews_recruitment/2025/QeZ6w6ep.html,site_155_155,2026-03-23 15:02:46.121671,review,辅助岗,,,
1456,四川省第四人民医院•四川大学华西春熙医院招募医疗卫生辅助岗项目人员公告,https://m.scsdsrmyy.cn/ennews_recruitment/2025/lejRv5ej.html,site_155_155,2026-03-23 15:02:46.118680,review,辅助岗,,,
1455,四川省第四人民医院•四川大学华西春熙医院招募医疗卫生辅助岗项目人员公告,https://m.scsdsrmyy.cn/ennews_recruitment/2025/mbkRwXaz.html,site_155_155,2026-03-23 15:02:46.114985,review,辅助岗,,,
1454,四川省第四人民医院•四川大学华西春熙医院招募医疗卫生辅助岗项目人员公告,https://m.scsdsrmyy.cn/ennews_recruitment/2025/wdL9Y4ej.html,site_155_155,2026-03-23 15:02:46.110395,review,辅助岗,,,
1450,广安市人民医院（四川大学华西医院广安医院）2025年春季临床进修招生简章,http://gasrmyy.com/yiyuangonggao/renshixinxi/2025010210121.html,site_153_153,2026-03-23 15:02:43.049779,review,进修,,,
1430,三六三医院2025年度护士规范化培训招生简章,https://www.363120.com/gzb_zbzp_zpzq/010015100007727.html,site_151_151,2026-03-23 15:02:28.492034,review,培训,,,
1426,成都市郫都区人民医院关于招聘辅助岗位职工的公告,https://www.pdqrmyy.cn/show/2025/06/09/1442.html,site_150_150,2026-03-23 15:02:27.088780,review,辅助岗,,,
1425,成都市郫都区人民医院关于招聘辅助岗位职工的公告,https://www.pdqrmyy.cn/show/2025/06/20/1455.html,site_150_150,2026-03-23 15:02:27.086209,review,辅助岗,,,
1424,成都市郫都区人民医院关于招聘4名辅助岗位职工的公告,https://www.pdqrmyy.cn/show/2025/07/08/1461.html,site_150_150,2026-03-23 15:02:27.083876,review,辅助岗,,,
1423,成都市郫都区人民医院关于招聘辅助岗位职工的公告,https://www.pdqrmyy.cn/show/2025/08/06/1482.html,site_150_150,2026-03-23 15:02:27.081347,review,辅助岗,,,
1422,成都市郫都区人民医院关于招聘辅助岗位职工的公告,https://www.pdqrmyy.cn/show/2025/10/17/1514.html,site_150_150,2026-03-23 15:02:27.078704,review,辅助岗,,,
1421,成都市郫都区人民医院关于招聘辅助岗位职工的公告,https://www.pdqrmyy.cn/show/2025/11/19/1532.html,site_150_150,2026-03-23 15:02:27.075564,review,辅助岗,,,
1420,成都市郫都区人民医院关于招聘辅助岗位职工的公告,https://www.pdqrmyy.cn/show/2025/11/28/1541.html,site_150_150,2026-03-23 15:02:27.072119,review,辅助岗,,,
1419,成都市郫都区人民医院 关于招聘辅助岗位职工的公告,https://www.pdqrmyy.cn/show/2025/12/29/1557.html,site_150_150,2026-03-23 15:02:27.067162,review,辅助岗,,,
1418,成都市郫都区人民医院关于招聘辅助岗位职工的公告,https://www.pdqrmyy.cn/show/2026/01/14/1562.html,site_150_150,2026-03-23 15:02:27.061818,review,辅助岗,,,
1417,成都市郫都区人民医院关于招聘辅助岗位职工的公告,https://www.pdqrmyy.cn/show/2026/03/17/1584.html,site_150_150,2026-03-23 15:02:27.052291,review,辅助岗,,,
1414,眉山市卫生健康委员会关于2025年上半年眉山市妇幼保健院公开考核招聘高层次和紧缺人才的公告,https://www.msfybj.com/news_job/2025/wdLgMgbj.html,site_149_149,2026-03-23 15:02:25.715723,review,泛招聘词,,,
1385,重庆市区县事业单位2025年第四季度考核招聘工作人员考试报名统计1128,https://rlsbj.cq.gov.cn/202511/t20251128_15196113.html,site_147_147,2026-03-23 15:02:22.457975,review,泛招聘词,,,
1382,重庆市区县事业单位2025年第四季度考核招聘工作人员考试报名统计1201,https://rlsbj.cq.gov.cn/zwxx_182/sydw/sydwgkzp2024_490546/202512/t20251201_15200118.html,site_147_147,2026-03-23 15:02:22.452412,review,泛招聘词,,,
1379,重庆市区县事业单位2026年第一季度考核招聘工作人员考试报名统计2026-02-04,https://rlsbj.cq.gov.cn/202602/t20260204_15379163.html,site_147_147,2026-03-23 15:02:22.446334,review,泛招聘词,,,
1376,重庆市属事业单位2026年第一季度考核招聘高层次和紧缺人才考试报名统计2026-02-04,https://rlsbj.cq.gov.cn/202602/t20260204_15379234.html,site_147_147,2026-03-23 15:02:22.438033,review,泛招聘词,,,
1375,重庆市区县事业单位2026年第一季度考核招聘工作人员考试报名统计2026-02-05,https://rlsbj.cq.gov.cn/202602/t20260205_15383228.html,site_147_147,2026-03-23 15:02:22.435513,review,泛招聘词,,,
1372,重庆市属事业单位2026年第一季度考核招聘高层次和紧缺人才考试报名统计2026-02-05,https://rlsbj.cq.gov.cn/202602/t20260205_15383262.html,site_147_147,2026-03-23 15:02:22.419838,review,泛招聘词,,,
1369,重庆市12356心理援助热线接线员招募,https://www.cqsjwzx.com/html/content/25/06/17145.shtml,site_145_145,2026-03-23 15:02:18.000068,review,泛招聘词,,,
1367,重庆市精神卫生中心EMDR心理治疗技术临床应用与患者招募,https://www.cqsjwzx.com/html/content/25/06/17151.shtml,site_145_145,2026-03-23 15:02:17.996671,review,泛招聘词,,,
1365,重庆市12356心理援助热线接线员招募,https://www.cqsjwzx.com/html/content/25/07/17156.shtml,site_145_145,2026-03-23 15:02:17.992732,review,泛招聘词,,,
1359,重庆市12356心理援助热线夜班接线志愿者招募,https://www.cqsjwzx.com/html/content/25/09/17224.shtml,site_145_145,2026-03-23 15:02:17.980751,review,志愿者,,,
1352,重庆市精神卫生中心2026年第一季度考核招聘高层次和紧缺人才公告,https://www.cqsjwzx.com/html/content/26/02/17336.shtml,site_145_145,2026-03-23 15:02:17.962182,review,泛招聘词,,,
1342,关于举办2025年医疗护理员职业技能培训班暨上岗考核的公告,http://www.scsncjwzx.com/2025/yygg_0213/2986.html,site_142_142,2026-03-23 15:02:13.307794,review,培训,,,
1341,四川省南充精神卫生中心2025年度招聘计划,http://www.scsncjwzx.com/2025/yygg_0213/2987.html,site_142_142,2026-03-23 15:02:13.305854,review,泛招聘词,,,
1330,四川省南充精神卫生中心关于2026年春季自主招聘护士实操考试的通知,http://www.scsncjwzx.com/2026/yygg_0115/3003.html,site_142_142,2026-03-23 15:02:13.283991,review,泛招聘词,,,
1327,四川省南充精神卫生中心2026年第二批编外招聘护理岗公告,http://www.scsncjwzx.com/2026/yygg_0226/3010.html,site_142_142,2026-03-23 15:02:13.276171,review,泛招聘词,,,
1325,四川省南充精神卫生中心关于2026年第二批编外招聘护理岗实操考试的通知,http://www.scsncjwzx.com/2026/yygg_0312/3012.html,site_142_142,2026-03-23 15:02:13.271011,review,泛招聘词,,,
1323,四川省南充精神卫生中心关于举办2026年医疗护理员招生培训班的公告,http://www.scsncjwzx.com/2026/yygg_0320/3019.html,site_142_142,2026-03-23 15:02:13.259706,review,培训,,,
1314,四川省科学城医院2026年院内技师、护士规范化培训学员招收简章2026-03-12,https://www.kxc120.cn/info/1074/4596.htm,site_141_141,2026-03-23 15:02:11.906314,review,培训,,,
1311,绵阳市第三人民医院2026年春季康复专科护士培训基地招生简章,http://www.scmy120.com/nrgl/show-16042.html,site_140_140,2026-03-23 15:02:10.729277,review,培训,,,
1310,重庆医科大学附属绵阳医院 绵阳市第三人民医院招聘救护车驾驶员的公告,http://www.scmy120.com/nrgl/show-16145.html,site_140_140,2026-03-23 15:02:10.726643,review,泛招聘词,,,
1305,绵阳市第三人民医院2026年护士规范化培训招生简章,http://www.scmy120.com/nrgl/show-16409.html,site_140_140,2026-03-23 15:02:10.706978,review,培训,,,
1304,绵阳市护理学会 绵阳市第三人民医院2026年介入护理专科护士实践培训班招生简章,http://www.scmy120.com/nrgl/show-16522.html,site_140_140,2026-03-23 15:02:10.697110,review,培训,,,
1303,绵竹市人民医院护理部招聘护士11名,https://www.mzsrmyy.com/ywgk_rczp/010012800018618.html,site_139_139,2026-03-23 15:02:09.238887,review,泛招聘词,,,
1302,绵竹市人民医院2024年人才招聘计划（第三次）,https://www.mzsrmyy.com/ywgk_rczp/010012800018783.html,site_139_139,2026-03-23 15:02:09.236357,review,泛招聘词,,,
1301,绵竹市人民医院2024年人才招聘计划（第四次）,https://www.mzsrmyy.com/ywgk_rczp/010012800019129.html,site_139_139,2026-03-23 15:02:09.234290,review,泛招聘词,,,
1300,绵竹市人民医院2024年人才招聘计划（第五次）,https://www.mzsrmyy.com/ywgk_rczp/010012800019399.html,site_139_139,2026-03-23 15:02:09.232228,review,泛招聘词,,,
1299,绵竹市人民医院药剂科拟招聘药师1名,https://www.mzsrmyy.com/ywgk_rczp/010012800019525.html,site_139_139,2026-03-23 15:02:09.230239,review,泛招聘词,,,
1298,绵竹市人民医院宣传部拟招聘干事1名,https://www.mzsrmyy.com/ywgk_rczp/010012800019713.html,site_139_139,2026-03-23 15:02:09.228049,review,泛招聘词,,,
1296,绵竹市人民医院2025年度春季招聘计划,https://www.mzsrmyy.com/ywgk_rczp/010012800021482.html,site_139_139,2026-03-23 15:02:09.223530,review,泛招聘词,,,
1293,绵竹市人民医院关于面向社会招聘心血管内科学科带头人的公告,https://www.mzsrmyy.com/ywgk_rczp/010012800022838.html,site_139_139,2026-03-23 15:02:09.214728,review,泛招聘词,,,
1290,绵竹市人民医院关于2025年度秋季护理人才招聘计划调整的情况说明,https://www.mzsrmyy.com/ywgk_rczp/010012800024248.html,site_139_139,2026-03-23 15:02:09.205964,review,泛招聘词,,,
1281,新招聘丨西昌市人民医院招聘6名派遣制人员——西昌市人民医院公开招聘派遣制人员简章,http://www.xcsyy.com.cn/index.php?m=content&c=index&a=show&catid=25&id=9988,site_137_137,2026-03-23 15:01:48.842120,review,派遣,,,
1280,新招聘丨西昌市人民医院招聘7名工作人员——西昌市人民医院公开招聘派遣制人员简章,http://www.xcsyy.com.cn/index.php?m=content&c=index&a=show&catid=25&id=10209,site_137_137,2026-03-23 15:01:48.840041,review,派遣,,,
1271,新招聘丨西昌市人民医院招聘8名工作人员——西昌市人民医院公开招聘派遣制人员简章,http://www.xcsyy.com.cn/index.php?m=content&c=index&a=show&catid=25&id=10561,site_137_137,2026-03-23 15:01:48.818164,review,派遣,,,
1270,新招聘丨西昌市人民医院公开招聘输血技术辅助岗工作人员——西昌市人民医院公开招聘派遣制人员简章,http://www.xcsyy.com.cn/index.php?m=content&c=index&a=show&catid=25&id=10593,site_137_137,2026-03-23 15:01:48.814367,review,派遣 | 辅助岗,,,
1268,凉山州中西医结合医院2024年调整招聘临床专业技术人员计划公告,https://www.lszzxy.com/public_guide/2024/LDdw58a1.html,site_136_136,2026-03-23 15:01:46.879600,review,泛招聘词,,,
1265,凉山州中西医结合医院2025年第二批临床医生招聘计划的公告,https://www.lszzxy.com/public_guide/2025/MYerWEaO.html,site_136_136,2026-03-23 15:01:46.873274,review,泛招聘词,,,
1252,资阳市中医医院关于招聘工作人员的公告（2024年第3期）,https://www.sczyzyy.cn/index.php?m=content&c=index&a=show&catid=106&id=6768,site_134_134,2026-03-23 15:00:40.505756,review,泛招聘词,,,
1250,资阳市中医医院关于招聘临床成熟型人才的公告（2025年第1期）,https://www.sczyzyy.cn/index.php?m=content&c=index&a=show&catid=106&id=6969,site_134_134,2026-03-23 15:00:40.501422,review,泛招聘词,,,
1249,资阳市中医医院关于2025年上半年人员招聘的公告（2025年第2期）,https://www.sczyzyy.cn/index.php?m=content&c=index&a=show&catid=106&id=6997,site_134_134,2026-03-23 15:00:40.499477,review,泛招聘词,,,
1248,资阳市中医医院关于2025年上半年人员招聘的补充公告,https://www.sczyzyy.cn/index.php?m=content&c=index&a=show&catid=106&id=7011,site_134_134,2026-03-23 15:00:40.497341,review,泛招聘词,,,
1246,资阳市中医医院关于招聘耳鼻咽喉头颈外科医师及柔性引进创面修复学科骨干人才的公告,https://www.sczyzyy.cn/index.php?m=content&c=index&a=show&catid=106&id=7120,site_134_134,2026-03-23 15:00:40.492826,review,泛招聘词,,,
1245,资阳市中医医院关于招聘脾胃病科医师的公告（2025年第4期）,https://www.sczyzyy.cn/index.php?m=content&c=index&a=show&catid=106&id=7180,site_134_134,2026-03-23 15:00:40.490470,review,泛招聘词,,,
1244,资阳市中医医院关于招聘临床成熟型人才的公告（2025年第5期）,https://www.sczyzyy.cn/index.php?m=content&c=index&a=show&catid=106&id=7203,site_134_134,2026-03-23 15:00:40.488082,review,泛招聘词,,,
1242,资阳市中医医院2025年下半年人员招聘的公告（2025年第6期）,https://www.sczyzyy.cn/index.php?m=content&c=index&a=show&catid=106&id=7292,site_134_134,2026-03-23 15:00:40.482426,review,泛招聘词,,,
1241,资阳市中医医院紧急招聘脑病科（神经内科）介入医师和手术室护士的公告,https://www.sczyzyy.cn/index.php?m=content&c=index&a=show&catid=106&id=7357,site_134_134,2026-03-23 15:00:40.478907,review,泛招聘词,,,
1239,资阳市中医医院紧急招聘关于紧急招聘药剂人员的公告（2026年第2期）,https://www.sczyzyy.cn/index.php?m=content&c=index&a=show&catid=106&id=7413,site_134_134,2026-03-23 15:00:40.468745,review,泛招聘词,,,
1210,招聘信息,https://www.dz2yy.com/News/HTML/1296.html,site_125_125,2026-03-23 14:59:43.135987,review,泛招聘词,,,
1207,达州市中西医结合医院2022年中医住院医师规范化培训招生简章,https://www.dz2yy.com/News/HTML/2987.html,site_125_125,2026-03-23 14:59:43.130600,review,培训,,,
1204,达州市中西医结合医院2022年护士规范化培训招生简章,https://www.dz2yy.com/News/HTML/3368.html,site_125_125,2026-03-23 14:59:43.125186,review,培训,,,
1202,达州市中西医结合医院关于长期招聘高层次人才的公告,https://www.dz2yy.com/News/HTML/3394.html,site_125_125,2026-03-23 14:59:43.121472,review,泛招聘词,,,
1190,四川金得利劳务派遣有限公司岳池分公司招聘劳务派遣人员公告,https://www.ycxrmyy.sc.cn/gw_yygg_zpxx/010050100003188.html,site_124_124,2026-03-23 14:59:41.866476,review,劳务派遣 | 派遣,,,
1189,四川金得利劳务派遣有限公司岳池分公司招聘劳务派遣人员公告,https://www.ycxrmyy.sc.cn/gw_yygg_zpxx/010050100003193.html,site_124_124,2026-03-23 14:59:41.864706,review,劳务派遣 | 派遣,,,
1188,岳池县人民医院2025年护士规范化培训招生公告,https://www.ycxrmyy.sc.cn/gw_yygg_zpxx/010050100003217.html,site_124_124,2026-03-23 14:59:41.862910,review,培训,,,
1187,岳池县人民医院2025年6月信息科干事岗位招聘启示,https://www.ycxrmyy.sc.cn/gw_yygg_zpxx/010050100003249.html,site_124_124,2026-03-23 14:59:41.860973,review,泛招聘词,,,
1185,岳池县人民医院2025年7月病案统计科工作人员招聘启示,https://www.ycxrmyy.sc.cn/gw_yygg_zpxx/010050100003291.html,site_124_124,2026-03-23 14:59:41.857181,review,泛招聘词,,,
1184,岳池县人民医院2025年8月120调度室工作人员招聘启示,https://www.ycxrmyy.sc.cn/gw_yygg_zpxx/010050100003313.html,site_124_124,2026-03-23 14:59:41.855223,review,泛招聘词,,,
1183,岳池县佳创人力资源服务有限公司招聘劳务派遣人员公告,https://www.ycxrmyy.sc.cn/gw_yygg_zpxx/010050100003328.html,site_124_124,2026-03-23 14:59:41.853060,review,劳务派遣 | 派遣,,,
1182,岳池县佳创人力资源服务有限公司招聘劳务派遣人员公 告,https://www.ycxrmyy.sc.cn/gw_yygg_zpxx/010050100003348.html,site_124_124,2026-03-23 14:59:41.850930,review,劳务派遣 | 派遣,,,
1181,岳池县佳创人力资源服务有限公司招聘劳务派遣人员公告,https://www.ycxrmyy.sc.cn/gw_yygg_zpxx/010050100003352.html,site_124_124,2026-03-23 14:59:41.848697,review,劳务派遣 | 派遣,,,
1179,岳池县佳创人力资源服务有限公司招聘劳务派遣人员公告,https://www.ycxrmyy.sc.cn/gw_yygg_zpxx/010050100003389.html,site_124_124,2026-03-23 14:59:41.843653,review,劳务派遣 | 派遣,,,
1178,岳池县佳创人力资源服务有限公司招聘劳务派遣人员公告,https://www.ycxrmyy.sc.cn/gw_yygg_zpxx/010050100003394.html,site_124_124,2026-03-23 14:59:41.840844,review,劳务派遣 | 派遣,,,
1177,岳池县佳创人力资源服务有限公司招聘劳务派遣人员公告,https://www.ycxrmyy.sc.cn/gw_yygg_zpxx/010050100003400.html,site_124_124,2026-03-23 14:59:41.837685,review,劳务派遣 | 派遣,,,
1176,岳池县人民医院关于招收见习人员的公告,https://www.ycxrmyy.sc.cn/gw_yygg_zpxx/010050100003433.html,site_124_124,2026-03-23 14:59:41.831298,review,见习,,,
1174,广安市人民医院（四川大学华西医院广安医院）2025年春季临床进修招生简章,https://www.gasrmyy.com/yiyuangonggao/renshixinxi/2025010210121.html,site_122_122,2026-03-23 14:59:34.297425,review,进修,,,
1165,广安市广安区人民医院 关于2024年自主招聘内科医师、儿科医师、骨科医师、检验科技师、设备科干事考试的通知,https://www.gaqrmyy.com/yiyuangonggao/zhaopinxinxi/2024-11-06/6041.html,site_121_121,2026-03-23 14:59:31.631148,review,泛招聘词,,,
1163,广安市广安区人民医院 关于2024年自主招聘临床护理人员的公告,https://www.gaqrmyy.com/yiyuangonggao/zhaopinxinxi/2024-11-06/6039.html,site_121_121,2026-03-23 14:59:31.628030,review,泛招聘词,,,
1157,广安市广安区人民医院 关于自主招聘法务等工作人员的公告,https://www.gaqrmyy.com/yiyuangonggao/zhaopinxinxi/2024-11-04/7276.html,site_121_121,2026-03-23 14:59:31.617557,review,泛招聘词,,,
1156,广安市广安区人民医院 关于第三方劳务派遣招聘口腔科辅助人员的 公  告,https://www.gaqrmyy.com/yiyuangonggao/zhaopinxinxi/2025-02-26/7323.html,site_121_121,2026-03-23 14:59:31.615745,review,劳务派遣 | 派遣,,,
1155,广安市广安区人民医院 关于自主招聘科教科干事的公告,https://www.gaqrmyy.com/yiyuangonggao/zhaopinxinxi/2025-03-13/7324.html,site_121_121,2026-03-23 14:59:31.613904,review,泛招聘词,,,
1154,广安市广安区人民医院 关于2025年自主招聘临床医师、信息科干事的公  告,https://www.gaqrmyy.com/yiyuangonggao/zhaopinxinxi/2025-04-07/7332.html,site_121_121,2026-03-23 14:59:31.612094,review,泛招聘词,,,
1151,广安市广安区人民医院 关于2025年自主招聘临床护理人员的公告,https://www.gaqrmyy.com/yiyuangonggao/zhaopinxinxi/2025-07-04/7354.html,site_121_121,2026-03-23 14:59:31.606281,review,泛招聘词,,,
1147,广安区人民医院招聘药师启事,https://www.gaqrmyy.com/yiyuangonggao/zhaopinxinxi/2025-11-26/7408.html,site_121_121,2026-03-23 14:59:31.597027,review,泛招聘词,,,
1145,广安市广安区人民医院 关于取消2025年药师岗位自主招聘的通知,https://www.gaqrmyy.com/yiyuangonggao/zhaopinxinxi/2025-12-05/7410.html,site_121_121,2026-03-23 14:59:31.591943,review,泛招聘词,,,
1143,广安市广安区紧密型医共体 2026年自主招聘肿瘤学医师、放射技师公告,https://www.gaqrmyy.com/yiyuangonggao/zhaopinxinxi/2026-02-12/7428.html,site_121_121,2026-03-23 14:59:31.585756,review,泛招聘词,,,
1139,“职”等你来，屏山县人民医院招聘学科领军专业人才！,https://www.psxrmyy.com/index.php?m=content&c=index&a=show&catid=33&id=1,site_120_120,2026-03-23 14:59:14.831580,review,泛招聘词,,,
1138,2023年屏山县人民医院招聘就业见习人员公告,https://www.psxrmyy.com/index.php?m=content&c=index&a=show&catid=33&id=4,site_120_120,2026-03-23 14:59:14.829480,review,见习,,,
1135,屏山县人民医院公开招聘就业见习人员公告,https://www.psxrmyy.com/index.php?m=content&c=index&a=show&catid=33&id=11,site_120_120,2026-03-23 14:59:14.822310,review,见习,,,
1131,屏山县人民医院公开招聘就业见习人员公告,https://www.psxrmyy.com/index.php?m=content&c=index&a=show&catid=33&id=16,site_120_120,2026-03-23 14:59:14.809247,review,见习,,,
1122,宜宾市中医医院 2026年第一次自主招聘工作人员公告,https://www.ybszyy.com.cn/go.htm?k=tong_zhi_gong_gao&url=news/shownews&id=75742,site_119_119,2026-03-23 14:59:12.439144,review,泛招聘词,,,
1114,·眉山市人民医院关于招聘 车队驾驶员考务安排的通知,https://www.mssrmyy.cn/index.php?m=home&c=View&a=index&aid=2313,site_115_115,2026-03-23 14:59:02.524911,review,泛招聘词,,,
1112,·眉山市人民医院 2026年进修医师招生简章,https://www.mssrmyy.cn/index.php?m=home&c=View&a=index&aid=2315,site_115_115,2026-03-23 14:59:02.519362,review,进修,,,
1110,·2026年眉山市人民医院护士规范化培训招生简章,https://www.mssrmyy.cn/index.php?m=home&c=View&a=index&aid=2318,site_115_115,2026-03-23 14:59:02.514138,review,培训,,,
1105,·眉山市人民医院关于招聘优秀人才的公告 （第二批）,https://www.mssrmyy.cn/index.php?m=home&c=View&a=index&aid=2324,site_115_115,2026-03-23 14:59:02.504412,review,泛招聘词,,,
1099,·眉山市人民医院2026年医疗护理员培训招生简章,https://www.mssrmyy.cn/index.php?m=home&c=View&a=index&aid=2334,site_115_115,2026-03-23 14:59:02.489283,review,培训,,,
1098,·眉山市人民医院2026年住院医师规范化培训招收考核工作的通知,https://www.mssrmyy.cn/index.php?m=home&c=View&a=index&aid=2335,site_115_115,2026-03-23 14:59:02.485992,review,培训,,,
1087,川北医学院附属医院2025年医疗卫生辅助岗位招募公告2025.07.18,https://www.hospital-nsmc.com.cn/hzb_rcgz_tzgg/010062100011968.html,site_112_112,2026-03-23 14:56:58.775328,review,辅助岗,,,
1086,川北医学院附属医院2025年医疗卫生辅助岗选拔公告2025.08.18,https://www.hospital-nsmc.com.cn/hzb_rcgz_tzgg/010062100012085.html,site_112_112,2026-03-23 14:56:58.773525,review,辅助岗,,,
1083,【转发】四川省卫生健康委员会关于所属事业单位2025年下半年公开考试招聘工作人员公告2025.09.26,https://www.hospital-nsmc.com.cn/hzb_rcgz_tzgg/010062100012316.html,site_112_112,2026-03-23 14:56:58.767501,review,泛招聘词,,,
1073,首都医科大学附属北京安贞医院南充医院·南充市中心医院2026年住院医师规范化培训招收简章,https://sdykdxfsbjazyyncyy.nc120.cn/nd.jsp?fromColId=126&id=6725#_np=126_3333,site_110_110,2026-03-23 14:55:53.912716,review,培训,,,
1053,首都医科大学附属北京安贞医院南充医院2026年度招聘计划（五）,https://sdykdxfsbjazyyncyy.nc120.cn/nd.jsp?fromColId=126&id=6795#_np=126_3314,site_110_110,2026-03-23 14:55:53.853246,review,泛招聘词,,,
1052,首都医科大学附属北京安贞医院南充医院·南充市中心医院2026年护士规范化培训招生简章,https://sdykdxfsbjazyyncyy.nc120.cn/nd.jsp?fromColId=126&id=6821#_np=126_3314,site_110_110,2026-03-23 14:55:53.849607,review,培训,,,
1050,首都医科大学附属北京安贞医院南充医院2026年度 招聘计划（一）,https://sdykdxfsbjazyyncyy.nc120.cn/nd.jsp?fromColId=126&id=6235#_np=126_3314,site_110_110,2026-03-23 14:55:53.842243,review,泛招聘词,,,
1049,首都医科大学附属北京安贞医院南充医院2026年度招聘计划（二）,https://sdykdxfsbjazyyncyy.nc120.cn/nd.jsp?fromColId=126&id=6592#_np=126_3314,site_110_110,2026-03-23 14:55:53.836597,review,泛招聘词,,,
1045,乐山市中医医院关于2025年医疗卫生辅助岗位待遇执行的公告,https://www.lsszyyy.cn/nd.jsp?fromColId=112&id=1845#_np=112_503,site_108_108,2026-03-23 14:55:49.779195,review,辅助岗,,,
1044,乐山市中医医院 （医、药、技类）进修人员流程（2025年修订）,https://www.lsszyyy.cn/nd.jsp?fromColId=112&id=1858#_np=112_503,site_108_108,2026-03-23 14:55:49.777359,review,进修,,,
1043,乐山市中医医院赴成都中医药大学2026届毕业生秋季双选会招聘编外工作人员的公告,https://www.lsszyyy.cn/nd.jsp?fromColId=112&id=1860#_np=112_503,site_108_108,2026-03-23 14:55:49.775674,review,泛招聘词,,,
1041,乐山市中医医院赴2025年四川省秋季医药卫生人才交流系列活动暨高校双选会-“蜀医汇川”西南医科大学专场招聘编外工作人员的公告,https://www.lsszyyy.cn/nd.jsp?fromColId=112&id=1867#_np=112_503,site_108_108,2026-03-23 14:55:49.771912,review,泛招聘词,,,
1039,乐山市中医医院2025年11月编外招聘工作人员的公告,https://www.lsszyyy.cn/nd.jsp?fromColId=112&id=1879#_np=112_503,site_108_108,2026-03-23 14:55:49.767829,review,泛招聘词,,,
1036,乐山市中医医院2026年进修护士招生简章,https://www.lsszyyy.cn/nd.jsp?fromColId=112&id=1901#_np=112_503,site_108_108,2026-03-23 14:55:49.761051,review,进修,,,
1035,乐山市中医医院 （医、药、技类）2026年进修招生简章,https://www.lsszyyy.cn/nd.jsp?fromColId=112&id=1904#_np=112_503,site_108_108,2026-03-23 14:55:49.758772,review,进修,,,
1034,乐山市中医医院赴成都中医药大学2026届毕业生春季双选会招聘编外工作人员的公告,https://www.lsszyyy.cn/nd.jsp?fromColId=112&id=1938#_np=112_503,site_108_108,2026-03-23 14:55:49.755896,review,泛招聘词,,,
1033,乐山市中医医院关于2025年硕博人才常态化招聘的公告,https://www.lsszyyy.cn/nd.jsp?fromColId=112&id=1755#_np=112_503,site_108_108,2026-03-23 14:55:49.751619,review,泛招聘词,,,
1029,关于开展乐山市人民医院2025年春季自主招聘护理人员考核工作的通知,https://www.leshan-hospital.com.cn/view_7C659942B2BAFCF1.html,site_107_107,2026-03-23 14:55:48.147466,review,泛招聘词,,,
1018,乐山市人民医院2025年临床检验技师（士）规范化培训招收简章,https://www.leshan-hospital.com.cn/view_B688473604CEA067.html,site_107_107,2026-03-23 14:55:48.125669,review,培训,,,
1015,乐山市人民医院关于招聘心血管内科主任的公告,https://www.leshan-hospital.com.cn/view_EBCA2DEC8F4EBE99.html,site_107_107,2026-03-23 14:55:48.118144,review,泛招聘词,,,
1014,乐山市人民医院关于招聘核医学科主任的公告,https://www.leshan-hospital.com.cn/view_058979056BE046AD.html,site_107_107,2026-03-23 14:55:48.114850,review,泛招聘词,,,
1013,乐山市人民医院关于常态化引进医学博士人才的公告,https://www.leshan-hospital.com.cn/view_7404118E3A996B1F.html,site_107_107,2026-03-23 14:55:48.108105,review,泛招聘词,,,
1011,隆昌市中医医院 关于2023年公开招聘见习人员的公告,https://www.lczhongyi.com/go.htm?k=ren_cai_zhao_pin&url=news/shownews&id=67362,site_106_106,2026-03-23 14:55:46.585352,review,见习,,,
1010,隆昌市中医医院 关于2023年公开补招见习人员的公告,https://www.lczhongyi.com/go.htm?k=ren_cai_zhao_pin&url=news/shownews&id=68071,site_106_106,2026-03-23 14:55:46.583474,review,见习,,,
1009,隆昌市中医医院  2024年公开自主招聘工作人员公告,https://www.lczhongyi.com/go.htm?k=ren_cai_zhao_pin&url=news/shownews&id=70867,site_106_106,2026-03-23 14:55:46.581461,review,泛招聘词,,,
1001,内江市东兴区人民医院2025年关于招聘35名见习人员的公告,https://www.dx120.org/news_apply/760/1/,site_105_105,2026-03-23 14:55:45.143491,review,见习,,,
1000,内江市东兴区人民医院关于招聘功能科医生的启事,https://www.dx120.org/news_apply/761/1/,site_105_105,2026-03-23 14:55:45.141774,review,泛招聘词,,,
998,内江市东兴区人民医院2025年第二批招聘见习人员的公告,https://www.dx120.org/news_apply/779/1/,site_105_105,2026-03-23 14:55:45.138158,review,见习,,,
996,内江市东兴区人民医院 2025年第三次招聘见习人员的公告,https://www.dx120.org/news_apply/785/1/,site_105_105,2026-03-23 14:55:45.133698,review,见习,,,
989,内江市东兴区人民医院2026年关于招聘见习人员的公告,https://www.dx120.org/news_apply/864/1/,site_105_105,2026-03-23 14:55:45.117954,review,见习,,,
982,内江市第二人民医院2025年下半年进修招生简章,https://www.njs2yy.com/news_tender/2025/QbYEgpbz.html,site_104_104,2026-03-23 14:55:43.478399,review,进修,,,
974,内江市第二人民医院2025年秋季医疗护理员培训招收简章,https://www.njs2yy.com/news_tender/2025/mbkRqxaz.html,site_104_104,2026-03-23 14:55:43.460572,review,培训,,,
965,内江市第一人民医院2025年度员额护士招聘工作公告（二）,https://www.njyy.com.cn/News/info/id/6013.html,site_102_102,2026-03-23 14:55:40.138765,review,泛招聘词,,,
960,内江市第一人民医院2025年度（第二批）员额护士招聘工作公告,https://www.njyy.com.cn/News/info/id/6185.html,site_102_102,2026-03-23 14:55:40.130298,review,泛招聘词,,,
949,内江市第一人民医院2026年护士规范化培训招生考试通知,https://www.njyy.com.cn/News/info/id/6679.html,site_102_102,2026-03-23 14:55:40.107449,review,培训,,,
948,内江市第一人民医院2026年护士规范化培训招生技能考试通知,https://www.njyy.com.cn/News/info/id/6700.html,site_102_102,2026-03-23 14:55:40.104271,review,培训,,,
944,2019年关于招聘护理人员考试安排的通知,https://www.snpxxrmyy.cn/plus/view.php?aid=1015,site_100_100,2026-03-23 14:55:26.192876,review,泛招聘词,,,
941,蓬溪县人民医院赴川北医学院和西南医科大学开展人才招聘,https://www.snpxxrmyy.cn/plus/view.php?aid=7801,site_100_100,2026-03-23 14:55:26.186081,review,泛招聘词,,,
939,蓬溪县人民医院2024年8月公开招聘青年医师培训生公告,https://www.snpxxrmyy.cn/plus/view.php?aid=9268,site_100_100,2026-03-23 14:55:26.180201,review,培训,,,
938,蓬溪县人民医院2024年下半年拟面向社会公开考试招聘事业单位工,https://www.snpxxrmyy.cn/plus/view.php?aid=9372,site_100_100,2026-03-23 14:55:26.177007,review,泛招聘词,,,
937,蓬溪县人民医院关于招聘护理专业技术人员的公告,https://www.snpxxrmyy.cn/plus/view.php?aid=9546,site_100_100,2026-03-23 14:55:26.172868,review,泛招聘词,,,
935,剑阁县中医院招聘临床医生信息,http://www.jgxzyy.cn/ article.html?id=452,site_97_97,2026-03-23 14:55:21.520409,review,泛招聘词,,,
933,剑阁县中医院2017年医学毕业生招聘计划,http://www.jgxzyy.cn/ http://jgxzy.com/info/511.htm,site_97_97,2026-03-23 14:55:21.516199,review,泛招聘词,,,
932,剑阁县中医院2017年招聘计划,http://www.jgxzyy.cn/ article.html?id=536,site_97_97,2026-03-23 14:55:21.513937,review,泛招聘词,,,
930,剑阁县中医医院合同制医学影像技术人员紧急招聘公告,http://www.jgxzyy.cn/ article.html?id=999,site_97_97,2026-03-23 14:55:21.508386,review,合同制,,,
920,广元市第一人民医院紧急招聘病理技师,https://www.gys072.cn/article.html?id=38764,site_96_96,2026-03-23 14:55:18.401066,review,泛招聘词,,,
918,广元市第一人民医院 2025年招聘非在编工作人员实施方案,https://www.gys072.cn/article.html?id=38823,site_96_96,2026-03-23 14:55:18.397428,review,泛招聘词,,,
907,广元市第一人民医院 2026年住院医师规范化培训及助理全科医生培训 招收简章,https://www.gys072.cn/article.html?id=39738,site_96_96,2026-03-23 14:55:18.366788,review,培训,,,
905,三台县人民医院医疗护理员培训招生简章,https://www.stx120.cn/go-a3596.htm,site_93_93,2026-03-23 14:54:01.853289,review,培训,,,
904,三台县人民医院 2025年护士规范化培训招生公告,https://www.stx120.cn/go-a3659.htm,site_93_93,2026-03-23 14:54:01.850676,review,培训,,,
902,三台县人民医院2025年护士规范化培训招生公告,https://www.stx120.cn/go-a3637.htm,site_93_93,2026-03-23 14:54:01.846047,review,培训,,,
899,三台县人民医院 2026年医疗护理员培训招生简章,https://www.stx120.cn/go-a4518.htm,site_93_93,2026-03-23 14:54:01.838349,review,培训,,,
898,三台县人民医院 2026年助理全科医生培训招收简章,https://www.stx120.cn/go-a4520.htm,site_93_93,2026-03-23 14:54:01.832756,review,培训,,,
897,绵阳市中心医院合同制工勤人员招聘公告,https://www.myszxyy.cn/news_zxgg2/2025/zbqZApdp.html,site_92_92,2026-03-23 14:54:00.343466,review,合同制,,,
894,绵阳市中心医院合同制工勤人员招聘公告,https://www.myszxyy.cn/news_rczp/2025/5eVQ0XdE.html,site_92_92,2026-03-23 14:54:00.337722,review,合同制,,,
889,绵阳市中心医院合同制工勤人员招聘公告,https://www.myszxyy.cn/news_rczp/2026/Xe0L3Kex.html,site_92_92,2026-03-23 14:54:00.326710,review,合同制,,,
883,绵阳三江医院招聘工作人员的公告,https://www.myszxyy.cn/news_rczp/2026/NbWqzgey.html,site_92_92,2026-03-23 14:54:00.300491,review,泛招聘词,,,
882,绵阳四〇四医院招聘专业技术人员的公告,https://scmy404.com/Article/info/1670-0-12232.html,0_90,2026-03-23 14:53:56.426766,review,泛招聘词,,,
879,绵阳四〇四医院2025年第二批次招聘专业技术人员公告,https://scmy404.com/Article/info/1670-0-12566.html,0_90,2026-03-23 14:53:56.421252,review,泛招聘词,,,
875,绵阳市第一人民医院（绵阳四〇四医院）招聘专业技术人员的公告,https://scmy404.com/Article/info/1670-0-12985.html,0_90,2026-03-23 14:53:56.413499,review,泛招聘词,,,
873,绵阳市第一人民医院（绵阳四〇四医院）招聘专业技术人员的考核通知公告,https://scmy404.com/Article/info/1670-0-13064.html,0_90,2026-03-23 14:53:56.409048,review,泛招聘词,,,
869,绵阳市第一人民医院（绵阳四〇四医院）招聘专业技术人员的公告,https://scmy404.com/Article/info/1670-0-13284.html,0_90,2026-03-23 14:53:56.399009,review,泛招聘词,,,
868,绵阳市第一人民医院（绵阳四〇四医院）2026年护士规范化培训招生简章,https://scmy404.com/Article/info/1670-0-13330.html,0_90,2026-03-23 14:53:56.396223,review,培训,,,
867,绵阳市第一人民医院（绵阳四〇四医院）招聘专业技术人员的补充公告,https://scmy404.com/Article/info/1670-0-13373.html,0_90,2026-03-23 14:53:56.390812,review,泛招聘词,,,
866,2021年招聘岗位,https://www.ghsrmyy.com/news_pub/show1384/,site_89_89,2026-03-23 14:53:54.697286,review,泛招聘词,,,
863,广汉市人民医院招聘9名工勤人员,https://www.ghsrmyy.com/news_pub/show1751/,site_89_89,2026-03-23 14:53:54.690414,review,泛招聘词,,,
861,2024年第二期四川省医疗护理员培训招生章,https://www.ghsrmyy.com/news_pub/show2249/,site_89_89,2026-03-23 14:53:54.685584,review,培训,,,
857,中江县人民医院招聘人员公告,https://www.zjxrmyy.cn/go-a2037.htm,site_88_88,2026-03-23 14:53:53.211197,review,泛招聘词,,,
856,中江县人民医院  招聘科研助理（医师助理）的公告,https://www.zjxrmyy.cn/go-a2038.htm,site_88_88,2026-03-23 14:53:53.209214,review,科研助理,,,
830,德阳市人民医院2026年护士规范化培训招生通知,https://www.dy120.net/yygg_zpgg/010038300022722.html,site_85_85,2026-03-23 14:53:22.236078,review,培训,,,
828,德阳市人民医院全生命周期健康管理辅助岗招聘公告(应往届不限),https://www.dy120.net/yygg_zpgg/010038300023052.html,site_85_85,2026-03-23 14:53:22.231329,review,辅助岗,,,
819,西南医科大学附属口腔医院2025年医疗卫生辅助岗招募公告,http://www.xnykdkq.com/news_yzfw/2025/xboVQKag.html,site_83_83,2026-03-23 14:53:08.226833,review,辅助岗,,,
817,西南医科大学附属口腔医院2025年医疗卫生辅助岗招募公告,http://www.xnykdkq.com/news_yzfw/2025/lejZZWej.html,site_83_83,2026-03-23 14:53:08.223613,review,辅助岗,,,
815,西南医科大学附属口腔医院2025年医疗卫生辅助岗招募公告,http://www.xnykdkq.com/news_yzfw/2025/7axnlzdy.html,site_83_83,2026-03-23 14:53:08.220624,review,辅助岗,,,
813,四川省卫健委所属事业单位西南医科大学附属口腔医院2025年12月公开考核招聘工作人员的公告,http://www.xnykdkq.com/news_yzfw/2025/wdL70vbj.html,site_83_83,2026-03-23 14:53:08.217969,review,泛招聘词,,,
809,泸州市中医医院  2024年医疗护理员培训招生简章,https://www.sclzszyyy.cn/content/3497.html,site_82_82,2026-03-23 14:53:07.069002,review,培训,,,
802,泸州市中医医院  关于招收2026年护士规范化培训学员的公告,https://www.sclzszyyy.cn/content/4099.html,site_82_82,2026-03-23 14:53:07.043219,review,培训,,,
800,关于招聘康复医学科医师岗的简章,https://www.ahswmu.cn/detail/09be91da-c6c8-6c77-4286-6fef35f4.html,site_81_81,2026-03-23 14:53:00.279077,review,泛招聘词,,,
798,关于招聘话务员及前台导诊岗的简章,https://www.ahswmu.cn/detail/83783dc0-1379-e2d0-0101-3ed42f0d.html,site_81_81,2026-03-23 14:53:00.273948,review,泛招聘词,,,
797,2026年2月关于招聘保安员及特勤警辅人员的公告,https://www.ahswmu.cn/detail/10462ac2-1660-787d-e4bf-c9c15edd.html,site_81_81,2026-03-23 14:53:00.270790,review,泛招聘词,,,
795,2026年3月关于招聘保安员的公告,https://www.ahswmu.cn/detail/449a4d45-2108-e4c1-8fca-8dc44347.html,site_81_81,2026-03-23 14:53:00.259136,review,泛招聘词,,,
794,自贡市中医医院2024年10月招聘工作人员的公告,https://www.zgszyyy.cn/zp-View-191-14746.html,site_75_75,2026-03-23 14:51:41.626858,review,泛招聘词,,,
793,自贡市中医医院招聘工作人员公告,https://www.zgszyyy.cn/zp-View-191-14803.html,site_75_75,2026-03-23 14:51:41.624959,review,泛招聘词,,,
791,自贡市中医医院招聘工作人员公告,https://www.zgszyyy.cn/zp-View-191-14875.html,site_75_75,2026-03-23 14:51:41.620624,review,泛招聘词,,,
787,自贡市中医医院招聘后勤岗位工作人员公告,https://www.zgszyyy.cn/zp-View-191-14936.html,site_75_75,2026-03-23 14:51:41.610424,review,泛招聘词,,,
785,自贡市中医医院2025年第三次编外人员招聘工作公告,https://www.zgszyyy.cn/zp-View-191-14968.html,site_75_75,2026-03-23 14:51:41.602051,review,泛招聘词,,,
783,自贡市中医医院2025年第四次编外人员招聘工作公告,https://www.zgszyyy.cn/zp-View-191-15026.html,site_75_75,2026-03-23 14:51:41.589496,review,泛招聘词,,,
775,2026年住院医师规范化培训和助理全科医师培训招收简章,https://www.zg120.cn/Di/Jobs/Details/00310033003100380035.html,site_72_72,2026-03-23 14:51:22.285871,review,培训,,,
771,自贡市第四人民医院2026年护士规范化培训学员招生通知,https://www.zg120.cn/Di/Jobs/Details/00310033003300310031.html,site_72_72,2026-03-23 14:51:22.266711,review,培训,,,
770,自贡市第一人民医院招聘消毒供应中心医疗辅助岗人员公告,https://www.zgno1hos.com.cn/details/yygg/zxls/856446.html,site_71_71,2026-03-23 14:51:20.360624,review,辅助岗,,,
769,自贡市第一人民医院2026年春季四川省重症监护护理专科护士培训班招生简章,https://www.zgno1hos.com.cn/details/yygg/zxls/16845666.html,site_71_71,2026-03-23 14:51:20.359224,review,培训,,,
768,自贡市第一人民医院招聘医疗辅助岗人员公告,https://www.zgno1hos.com.cn/details/yygg/zxls/862010116.html,site_71_71,2026-03-23 14:51:20.357767,review,辅助岗,,,
767,自贡市第一人民医院关于公布2025年下半年编外人员招聘部分岗位报名情况的公告,https://www.zgno1hos.com.cn/details/yygg/zxls/4613767.html,site_71_71,2026-03-23 14:51:20.356141,review,泛招聘词,,,
766,自贡医元健康管理有限责任公司关于招聘餐饮店铺工作人员公告,https://www.zgno1hos.com.cn/details/yygg/zxls/70010547.html,site_71_71,2026-03-23 14:51:20.354832,review,泛招聘词,,,
764,自贡医元健康管理有限责任公司关于招聘甜品师的公告,https://www.zgno1hos.com.cn/details/yygg/zxls/308058.html,site_71_71,2026-03-23 14:51:20.352013,review,泛招聘词,,,
760,自贡市第一人民医院招聘医疗辅助岗人员公告,https://www.zgno1hos.com.cn/details/yygg/zxls/7410571.html,site_71_71,2026-03-23 14:51:20.346062,review,辅助岗,,,
759,自贡市第一人民医院招聘儿科工人公告,https://www.zgno1hos.com.cn/details/yygg/zxls/724837717.html,site_71_71,2026-03-23 14:51:20.344667,review,泛招聘词,,,
757,自贡市第一人民医院2026年住院医师规范化培训招收简章（第二批）,https://www.zgno1hos.com.cn/details/yygg/zxls/603486450.html,site_71_71,2026-03-23 14:51:20.341726,review,培训,,,
754,自贡医元健康管理有限责任公司关于招聘甜品师的公告,https://www.zgno1hos.com.cn/details/yygg/zxls/510102.html,site_71_71,2026-03-23 14:51:20.337019,review,泛招聘词,,,
752,自贡市第一人民医院2026年住院医师规范化培训招收简章（第三批）,https://www.zgno1hos.com.cn/details/yygg/zxls/88407436.html,site_71_71,2026-03-23 14:51:20.333855,review,培训,,,
751,自贡市第一人民医院2026年护士规范化培训招收简章,https://www.zgno1hos.com.cn/details/yygg/zxls/35111812.html,site_71_71,2026-03-23 14:51:20.332091,review,培训,,,
750,自贡市第一人民医院招聘医疗辅助岗人员公告,https://www.zgno1hos.com.cn/details/yygg/zxls/4283606.html,site_71_71,2026-03-23 14:51:20.330056,review,辅助岗,,,
747,自贡市第一人民医院2026春季护理员培训招生启事,https://www.zgno1hos.com.cn/details/yygg/zxls/544534237.html,site_71_71,2026-03-23 14:51:20.323791,review,培训,,,
737,2026年3月批次临床医师规范化进修招生简章,https://www.wchscu.cn/hxsj/zhaoshengzhaopin/90238.html,site_70_70,2026-03-23 14:51:17.591818,review,进修,,,
736,成都上锦南府医院/四川大学华西医院上锦医院2026年医疗护理员培训招生简章,https://www.wchscu.cn/hxsj/zhaoshengzhaopin/90686.html,site_70_70,2026-03-23 14:51:17.581010,review,培训,,,
735,成都市第一人民医院肾脏内科血透通路专业进修招生简章,https://www.cdzxy.com/tender_hr/show7752/,site_69_69,2026-03-23 14:51:15.891389,review,进修,,,
734,成都市中西医结合医院肾内科血透工程进修招生通知,https://www.cdzxy.com/tender_hr/show7753/,site_69_69,2026-03-23 14:51:15.889573,review,进修,,,
733,成都市中西医结合医院 中医住院医师规范化培训招收简章,https://www.cdzxy.com/tender_hr/show7811/,site_69_69,2026-03-23 14:51:15.887328,review,培训,,,
732,成都市中西医结合医院护士规范化培训学员 2025年招收简章,https://www.cdzxy.com/tender_hr/show7880/,site_69_69,2026-03-23 14:51:15.885416,review,培训,,,
731,成都市中西医结合医院 2025年秋季专科护士培训招生简章,https://www.cdzxy.com/tender_hr/show7931/,site_69_69,2026-03-23 14:51:15.883501,review,培训,,,
728,成都市中西医结合医院  2025年康复治疗师规范化培训招收简章,https://www.cdzxy.com/tender_hr/show8004/,site_69_69,2026-03-23 14:51:15.877290,review,培训,,,
727,成都市第一人民医院关于招聘编外工作人员部分岗位调整及后续安排的通知,https://www.cdzxy.com/tender_hr/show8835/,site_69_69,2026-03-23 14:51:15.875114,review,泛招聘词,,,
723,成都市中西医结合医院 2026年春季急诊专科护士培训招生简章,https://www.cdzxy.com/tender_inform/show9000/,site_69_69,2026-03-23 14:51:15.864995,review,培训,,,
722,成都市中西医结合医院 2026年春季中医护理专科护士培训招生简章,https://www.cdzxy.com/tender_hr/show9020/,site_69_69,2026-03-23 14:51:15.861612,review,培训,,,
721,成都市第一人民医院西医住院医师规范化培训招收简章,https://www.cdzxy.com/tender_hr/show9049/,site_69_69,2026-03-23 14:51:15.856423,review,培训,,,
717,简阳市人民医院2018年人才招聘计划,https://jy120.cn/newshow.aspx?mid=116&id=1192,site_68_68,2026-03-23 14:51:14.072834,review,泛招聘词,,,
714,2019年简阳市人民医院考核招聘事业单位高层次人才公告,https://jy120.cn/newshow.aspx?mid=116&id=2577,site_68_68,2026-03-23 14:51:14.066989,review,泛招聘词,,,
704,转简阳市人才网：简阳市2025年公开考核招聘卫健系统  事业单位高层次人...,https://jy120.cn/newshow.aspx?mid=116&id=6667,site_68_68,2026-03-23 14:51:14.037360,review,泛招聘词,,,
702,简阳市中医医院 关于招聘驻简阳市公安局三所医务室 医务人员的公告,https://www.jyzy120.cn/tender_hr/show2450/,site_67_67,2026-03-23 14:51:12.420637,review,泛招聘词,,,
699,简阳市中医医院 关于招聘驻简阳市公安局三所医务室 医务人员的公告,https://www.jyzy120.cn/tender_hr/show2554/,site_67_67,2026-03-23 14:51:12.415007,review,泛招聘词,,,
697,简阳市中医医院 关于招聘驻简阳中学医务室医生的公告,https://www.jyzy120.cn/tender_hr/show2664/,site_67_67,2026-03-23 14:51:12.411096,review,泛招聘词,,,
696,简阳市中医医院 关于招聘驻简阳市公安局看守所 医务室医生的公告,https://www.jyzy120.cn/tender_hr/show2687/,site_67_67,2026-03-23 14:51:12.409004,review,泛招聘词,,,
693,简阳市中医医院 关于招聘驻简阳市公安局看守所 医务室医生的公告,https://www.jyzy120.cn/tender_hr/show2692/,site_67_67,2026-03-23 14:51:12.402161,review,泛招聘词,,,
692,简阳市中医医院 关于招聘驻简阳市公安局看守所 医务室医生的公告（长期招聘）,https://www.jyzy120.cn/tender_hr/show2705/,site_67_67,2026-03-23 14:51:12.399635,review,泛招聘词,,,
690,简阳市中医医院2026年紧急招聘编外人员公告,https://www.jyzy120.cn/tender_hr/show2858/,site_67_67,2026-03-23 14:51:12.394578,review,泛招聘词,,,
687,消毒供应中心技术工人招聘公告 （第三方派遣人员）2022.02.28,https://www.xn--gmqr3i68juyaffp44fww1e.cn/tzgg_zpgg/010089900004954.html,site_66_66,2026-03-23 14:51:10.810416,review,派遣,,,
686,门诊收费室人员招聘公告（第三方派遣人员）2022.03.29,https://www.xn--gmqr3i68juyaffp44fww1e.cn/tzgg_zpgg/010089900004955.html,site_66_66,2026-03-23 14:51:10.808650,review,派遣,,,
685,洗浆房工人招聘公告（第三方派遣人员）2022.06.01,https://www.xn--gmqr3i68juyaffp44fww1e.cn/tzgg_zpgg/010089900004956.html,site_66_66,2026-03-23 14:51:10.806832,review,派遣,,,
684,门诊收费室人员招聘公告（第三方派遣人员）2022.07.05,https://www.xn--gmqr3i68juyaffp44fww1e.cn/tzgg_zpgg/010089900004957.html,site_66_66,2026-03-23 14:51:10.804931,review,派遣,,,
682,核酸采样工作人员招聘公告（第三方派遣人员）2022.08.09,https://www.xn--gmqr3i68juyaffp44fww1e.cn/tzgg_zpgg/010089900004959.html,site_66_66,2026-03-23 14:51:10.800889,review,派遣,,,
681,门诊收费室人员招聘公告 （第三方派遣人员）2022.08.30,https://www.xn--gmqr3i68juyaffp44fww1e.cn/tzgg_zpgg/010089900004960.html,site_66_66,2026-03-23 14:51:10.798788,review,派遣,,,
664,四川省第二退役军人医院2025年第一批招聘编制外人员公告,http://www.scvh120.com/announcement_zpxx/2025/QBeXXvey.html,site_65_65,2026-03-23 14:51:09.564316,review,泛招聘词,,,
661,四川省第二退役军人医院2025年第二批招聘编制外人员公告,http://www.scvh120.com/announcement_zpxx/2025/xkazAqeJ.html,site_65_65,2026-03-23 14:51:09.556988,review,泛招聘词,,,
653,都江堰市人民医院 2025年护士规范化培训自主招生简章,https://www.djysrmyy.cn/newsshow.aspx?mid=129&id=7904,site_64_64,2026-03-23 14:51:08.330252,review,培训,,,
638,都江堰市人民医院 2026年护士规范化培训自主招生简章,https://www.djysrmyy.cn/newsshow.aspx?mid=129&id=25120,site_64_64,2026-03-23 14:51:08.289331,review,培训,,,
627,我院2027-2030年度回访外包服务市场调研公告,https://www.cdslyyy.com/newdetails_3992537.html,site_61_61,2026-03-23 14:51:01.991391,review,外包,,,
620,我院2025年第二批招聘岗位调整情况的公告,https://www.cdslyyy.com/newdetails_3684209.html,site_61_61,2026-03-23 14:51:01.974984,review,泛招聘词,,,
615,我院中华医学会临床药师学员培训中心2026年春季招生...,https://www.cdslyyy.com/newdetails_3812661.html,site_61_61,2026-03-23 14:51:01.960640,review,培训,,,
614,我院2026年护士规范化培训学员招收公告,https://www.cdslyyy.com/newdetails_3881719.html,site_61_61,2026-03-23 14:51:01.957560,review,培训,,,
612,关于转发成都市卫生健康委员会所属事业单位2025年二季度公开考核招聘高层次人才的公告链接的通知,https://www.cd7yy.com/recruitment/2025/Rb4RW7eB.html,site_60_60,2026-03-23 14:51:00.667328,review,泛招聘词,,,
610,成都市第七人民医院2025年护士规范化培训招生理论考试通知,https://www.cd7yy.com/recruitment/2025/9avo98bG.html,site_60_60,2026-03-23 14:51:00.663467,review,培训,,,
607,成都市第七人民医院2025年第二批次编外招聘工作人员的公告,https://www.cd7yy.com/recruitment/2025/NbW7BQby.html,site_60_60,2026-03-23 14:51:00.657464,review,泛招聘词,,,
605,成都市第七人民医院关于2025“蓉漂人才荟”考核招聘高校毕业生的公告,https://www.cd7yy.com/recruitment/2025/oeE9X0e0.html,site_60_60,2026-03-23 14:51:00.653641,review,泛招聘词,,,
603,成都市第七人民医院2025年第三批次编外招聘工作人员的公告,https://www.cd7yy.com/recruitment/2025/1aKZBReQ.html,site_60_60,2026-03-23 14:51:00.649379,review,泛招聘词,,,
601,成都市第七人民医院2026年护士规范化培训学员招生公告,https://www.cd7yy.com/recruitment/2026/NbW7lgby.html,site_60_60,2026-03-23 14:51:00.644616,review,培训,,,
600,成都市第七人民医院2026年护士规范化培训招生理论考试通知,https://www.cd7yy.com/recruitment/2026/penrjle7.html,site_60_60,2026-03-23 14:51:00.641688,review,培训,,,
599,成都市第七人民医院2026年助理全科医生培训招收简章,https://www.cd7yy.com/recruitment/2026/9avorrbG.html,site_60_60,2026-03-23 14:51:00.638854,review,培训,,,
596,成都中医药大学第二附属医院2024年考核招聘工作人员取消部分招聘岗位的公告,https://www.czyefy.com/get/news/xwzx/rczp/2024-11/18450.html,site_59_59,2026-03-23 14:50:59.016636,review,泛招聘词,,,
584,四川省八一康复中心（四川省康复医院）2025年第三季度进修生招生简章2025-06-06,https://mp.weixin.qq.com/s/HT5ZdqjGuM0sEB6d8w8LxA,site_58_58,2026-03-23 14:50:57.584411,review,进修,,,
581,四川省八一康复中心（四川省康复医院）2025年第四季度进修生招生简章2025-09-04,https://mp.weixin.qq.com/s/dovg5vbaYemKHp-cs1VQOg,site_58_58,2026-03-23 14:50:57.577212,review,进修,,,
579,四川省残疾人联合会直属事业单位四川省八一康复中心（四川省康复医院）2025年公开考试招聘工作人员公告2025-09-26,https://www.scpta.com.cn/front/News/info/33d1773ae4844ab1b7bc713a72d37b3e?sv=1,site_58_58,2026-03-23 14:50:57.571776,review,泛招聘词,,,
578,四川省残疾人联合会直属事业单位四川省八一康复中心（四川省康复医院）2025年公开考试招聘工作人员的补充公告2025-09-29,https://www.scpta.com.cn/front/News/info/2722ecde32614a38ac70d94c2587b412?t=67,site_58_58,2026-03-23 14:50:57.568409,review,泛招聘词,,,
575,四川省八一康复中心（四川省康复医院）2026年第一季度进修生招生简章2025-12-09,https://mp.weixin.qq.com/s/-KnDYbh4VGbzMZnod0zssg,site_58_58,2026-03-23 14:50:57.560026,review,进修,,,
573,四川省八一康复中心（四川省康复医院）2026年第二季度进修生招生简章2026-03-06,https://mp.weixin.qq.com/s/Za7EPhfgmx-UQP3E8fzTgA,site_58_58,2026-03-23 14:50:57.546846,review,进修,,,
562,成都医学院第一附属医院补充招聘科研助理特别岗的公告,https://www.cyfyy.cn/gzb_yygg_rczp/010014300024884.html,site_54_54,2026-03-23 14:50:08.353916,review,科研助理,,,
561,成都医学院第一附属医院招聘合同制人员公告,https://www.cyfyy.cn/gzb_yygg_rczp/010014300024911.html,site_54_54,2026-03-23 14:50:08.352088,review,合同制,,,
560,成都医学院第一附属医院招募2025年医疗卫生辅助岗公告,https://www.cyfyy.cn/gzb_yygg_rczp/010014300025062.html,site_54_54,2026-03-23 14:50:08.350075,review,辅助岗,,,
559,成都医学院第一附属医院招聘合同制人员的公告,https://www.cyfyy.cn/gzb_yygg_rczp/010014300025111.html,site_54_54,2026-03-23 14:50:08.348037,review,合同制,,,
556,成都医学院第一附属医院招募2025年医疗卫生辅助岗公告,https://www.cyfyy.cn/gzb_yygg_rczp/010014300025299.html,site_54_54,2026-03-23 14:50:08.341132,review,辅助岗,,,
555,成都医学院第一附属医院招聘合同制人员的公告,https://www.cyfyy.cn/gzb_yygg_rczp/010014300025322.html,site_54_54,2026-03-23 14:50:08.338514,review,合同制,,,
551,成都医学院第一附属医院招聘合同制人员的公告,https://www.cyfyy.cn/gzb_yygg_rczp/010014300025772.html,site_54_54,2026-03-23 14:50:08.327285,review,合同制,,,
550,成都医学院第一附属医院招聘合同制人员的公告,https://www.cyfyy.cn/gzb_yygg_rczp/010014300025890.html,site_54_54,2026-03-23 14:50:08.324141,review,合同制,,,
549,成都医学院第一附属医院招聘合同制人员的公告,https://www.cyfyy.cn/gzb_yygg_rczp/010014300026011.html,site_54_54,2026-03-23 14:50:08.319629,review,合同制,,,
547,成都市新都区人民医院高层次员工招聘计划2022-12-29,https://www.xdqrmyy.com/home/news/view/id/3680.html,site_53_53,2026-03-23 14:50:06.954428,review,泛招聘词,,,
545,成都市新都区人民医院编外用工招聘计划〔2023年第1号〕2023-02-08,https://www.xdqrmyy.com/home/news/view/id/3716.html,site_53_53,2026-03-23 14:50:06.951448,review,泛招聘词,,,
535,成都市新都区人民医院面向社会公开考核招聘编外员工公告2024-07-05,https://www.xdqrmyy.com/home/news/view/id/4631.html,site_53_53,2026-03-23 14:50:06.935323,review,泛招聘词,,,
529,成都市新都区人民医院面向社会公开考核招聘编外员工公告2024-09-05,https://www.xdqrmyy.com/home/news/view/id/4740.html,site_53_53,2026-03-23 14:50:06.924440,review,泛招聘词,,,
527,成都市新都区人民医院公开考核招聘编外员工公告2024-10-15,https://www.xdqrmyy.com/home/news/view/id/4779.html,site_53_53,2026-03-23 14:50:06.920542,review,泛招聘词,,,
524,成都市新都区人民医院面向社会公开考核招聘编外人员公告2025-08-13,https://www.xdqrmyy.com/home/news/view/id/5201.html,site_53_53,2026-03-23 14:50:06.914004,review,泛招聘词,,,
520,成都市新都区人民医院面向社会公开考核招聘编外人员公告2025-10-10,https://www.xdqrmyy.com/home/news/view/id/5287.html,site_53_53,2026-03-23 14:50:06.902986,review,泛招聘词,,,
518,成都市新都区人民医院面向社会公开考核招聘编外人员公告2026-03-06,https://www.xdqrmyy.com/home/news/view/id/5445.html,site_53_53,2026-03-23 14:50:06.890718,review,泛招聘词,,,
507,四川护理职业学院附属医院（四川省第三人民医院）2025年医疗卫生辅助岗位招募公告,https://www.shzyfy.com/hr_flow/2025/DdwjXwb1.html,site_50_50,2026-03-23 14:49:50.131996,review,辅助岗,,,
492,关于2022年面向社会公开招募公共卫生特别服务岗志愿者延长报名时间等有关事项的公告,https://www.lqzyy.com/hos_hr/2022/nXe0O3dx.html,site_48_48,2026-03-23 14:49:46.796214,review,志愿者,,,
469,四川天府新区人民医院关于2025年第一批次招聘延长报名时间的补充公告,http://www.tfxqrmyy.com/public_ywgk/2025/rb2kQMdW.html,site_47_47,2026-03-23 14:49:44.769142,review,泛招聘词,,,
462,华西生物医学大数据研究院郭安源课题组科研助理招聘启事,https://www.wchscu.cn/public/notice/recruit/88424.html,site_42_42,2026-03-23 14:49:20.131769,review,科研助理,,,
459,华西医院生物医学大数据研究院郭安源教授课题组博士后招聘,https://www.wchscu.cn/public/notice/recruit/90898.html,site_42_42,2026-03-23 14:49:20.125106,review,泛招聘词,,,
456,四川大学华西医院陈蕾教授 常年招聘博士后研究员,https://www.wchscu.cn/public/notice/recruit/84586.html,site_42_42,2026-03-23 14:49:20.117108,review,泛招聘词,,,
455,四川大学华西医院健康数据科学研究室黄进教授 常年招聘博士后研究员,https://www.wchscu.cn/public/notice/recruit/87446.html,site_42_42,2026-03-23 14:49:20.113882,review,泛招聘词,,,
447,杨征教授课题组科研助理招聘启事,https://www.hxkq.org/Html/News/Articles/11482.html,site_40_40,2026-03-23 14:49:16.663192,review,科研助理,,,
445,田卫东教授课题组科研助理招聘启事,https://www.hxkq.org/Html/News/Articles/11709.html,site_40_40,2026-03-23 14:49:16.660460,review,科研助理,,,
442,田卫东教授课题组科研助理招聘启事,https://www.hxkq.org/Html/News/Articles/12139.html,site_40_40,2026-03-23 14:49:16.656185,review,科研助理,,,
440,四川大学华西口腔医院2023届科研助理项目需求启动（2023年7月18日更新）,https://www.hxkq.org/Html/News/Articles/13156.html,site_40_40,2026-03-23 14:49:16.653257,review,科研助理,,,
423,设备物资管理供应科招聘工作人员公告（已结束）,https://www.tcd120.cn/bidding_recruitment/recruitment/2566,site_39_39,2026-03-23 14:49:14.896923,review,泛招聘词,,,
415,成都市金牛区人民医院2025年三季度招聘工作人员的公告,http://www.scjn120.com/go.htm?url=news_detail&id=6624,site_37_37,2026-03-23 14:49:08.042232,review,泛招聘词,,,
412,成都市金牛区人民医院2025年四季度招聘工作人员的公告,http://www.scjn120.com/go.htm?url=news_detail&id=6726,site_37_37,2026-03-23 14:49:08.030159,review,泛招聘词,,,
410,成都市金牛区人民医院2026年一季度招聘工作人员的公告,http://www.scjn120.com/go.htm?url=news_detail&id=6796,site_37_37,2026-03-23 14:49:08.021059,review,泛招聘词,,,
405,成都市第四人民医院2025年“蓉漂人才荟”考核招聘编外工作人员公告,https://www.cd-psychologist.com/4120/renshizhaopin/2025/1020/29899.html,site_36_36,2026-03-23 14:49:06.423284,review,泛招聘词,,,
400,【专职科研助理招聘】成都市第四人民医院招聘项目制科研助理,https://www.cd-psychologist.com/4120/renshizhaopin/2026/0309/30339.html,site_36_36,2026-03-23 14:49:06.410619,review,科研助理,,,
384,成都市第八人民医院人才招聘简历模板,https://www.cds8yy.com/news_mtjj/2020/0203624000268.htm,site_35_35,2026-03-23 14:49:05.074533,review,泛招聘词,,,
383,成都中医药大学附属医院（四川省中医医院）2025年8月补充招聘辅助岗工作人员的公告,http://www.sctcm120.com/info/1093/17584.htm,site_34_34,2026-03-23 14:49:03.752579,review,辅助岗,,,
379,成都中医药大学附属医院（四川省中医医院）2025年医疗卫生辅助岗补充招募公告,http://www.sctcm120.com/info/1093/17706.htm,site_34_34,2026-03-23 14:49:03.745784,review,辅助岗,,,
377,成都中医药大学附属医院（四川省中医医院）2025年医疗卫生辅助岗第二批次拟补充录用人...,http://www.sctcm120.com/info/1093/17750.htm,site_34_34,2026-03-23 14:49:03.742292,review,辅助岗,,,
376,成都中医药大学附属医院（四川省中医医院）2025年下半年公开考核招聘工作人员公告,http://www.sctcm120.com/info/1093/17803.htm,site_34_34,2026-03-23 14:49:03.740142,review,泛招聘词,,,
373,成都中医药大学附属医院（四川省中医医院）2025年医疗卫生辅助岗补充招募公告,http://www.sctcm120.com/info/1093/17875.htm,site_34_34,2026-03-23 14:49:03.734388,review,辅助岗,,,
372,成都中医药大学附属医院（四川省中医医院）关于公布2025年下半年公开考核招聘工作人员...,http://www.sctcm120.com/info/1093/17902.htm,site_34_34,2026-03-23 14:49:03.732409,review,泛招聘词,,,
371,成都中医药大学附属医院（四川省中医医院）2025年医疗卫生辅助岗第三批次拟补充录用人...,http://www.sctcm120.com/info/1093/17965.htm,site_34_34,2026-03-23 14:49:03.730389,review,辅助岗,,,
343,成都市妇女儿童中心医院招聘工作人员公告(202407),https://www.wcch.cn/hos_hr/2024/neg5WDbw.html,site_31_31,2026-03-23 14:48:57.890458,review,泛招聘词,,,
337,关于转发成都市卫生健康委员会所属事业单位招募2025年医疗卫生辅助岗公告,https://www.wcch.cn/hos_hr/2025/7e585Kd2.html,site_31_31,2026-03-23 14:48:57.877408,review,辅助岗,,,
336,关于转发成都市卫生健康委员会2025“蓉漂人才荟”考核招聘高校毕业生的公告,https://www.wcch.cn/hos_hr/2025/vbmwJ9eY.html,site_31_31,2026-03-23 14:48:57.874886,review,泛招聘词,,,
330,四川省医致远医学检验有限责任公司招聘信息,https://www.samsph.cn/hos_hr/2026/vbmj6pdY.html,site_30_30,2026-03-23 14:48:56.489499,review,泛招聘词,,,
324,四川省医学科学院·四川省人民医院2026年度综合管理岗考核招聘补充公告,https://www.samsph.cn/hos_hr/2026/Pdyy5VdQ.html,site_30_30,2026-03-23 14:48:56.479018,review,泛招聘词,,,
322,四川省医医学验光配镜眼镜有限公司招聘信息,https://www.samsph.cn/hos_hr/2026/RdGrxybD.html,site_30_30,2026-03-23 14:48:56.475310,review,泛招聘词,,,
313,成都市第二人民医院2026年进修生招生简章,https://www.cd2120.com/news_offer/2026/Qe1GzobJ.html,site_29_29,2026-03-23 14:48:55.207885,review,进修,,,
309,成都市第二人民医院2026年住院医师规范化培训招收简章,https://www.cd2120.com/news_offer/2026/lej0PYbj.html,site_29_29,2026-03-23 14:48:55.200013,review,培训,,,
307,成都市第二人民医院 2026年护士规范化培训招收简章,https://www.cd2120.com/news_offer/2026/DdwKvzd1.html,site_29_29,2026-03-23 14:48:55.195835,review,培训,,,
305,成都市第二人民医院2026年住院医师规范化培训招收考核通知,https://www.cd2120.com/news_offer/2026/pengkPa7.html,site_29_29,2026-03-23 14:48:55.190907,review,培训,,,
304,四川大学附属成都市第二人民医院面向全国招聘学科带头人,https://www.cd2120.com/news_offer/2026/NbWQl4ey.html,site_29_29,2026-03-23 14:48:55.186414,review,泛招聘词,,,
301,四川省肿瘤医院重症医学科课题组科研助理招聘公告,https://www.sichuancancer.org/info/1072/12022.htm,site_28_28,2026-03-23 14:48:53.882383,review,科研助理,,,
300,四川省肿瘤医院·电子科技大学附属肿瘤医院 总务处劳务派遣工勤岗位招聘公告,https://www.sichuancancer.org/info/1072/12055.htm,site_28_28,2026-03-23 14:48:53.880374,review,劳务派遣 | 派遣,,,
283,成都市公共卫生临床医疗中心2025年度护士规范化培训招收公告,https://www.phcc120.com/news_show.aspx?id=1604&channel=station,site_27_27,2026-03-23 14:48:52.260256,review,培训,,,
269,四川省第四人民医院招募医疗卫生辅助岗项目人员公告,https://www.scsdsrmyy.cn/news_notes_job/2025/yb82Emev.html,site_26_26,2026-03-23 14:48:50.611983,review,辅助岗,,,
267,四川省第四人民医院•四川大学华西春熙医院招募医疗卫生辅助岗项目人员公告,https://www.scsdsrmyy.cn/news_notes_job/2025/vbmZEOdY.html,site_26_26,2026-03-23 14:48:50.608524,review,辅助岗,,,
266,四川省第四人民医院•四川大学华西春熙医院招募医疗卫生辅助岗项目人员公告,https://www.scsdsrmyy.cn/news_notes_job/2025/RdG690bD.html,site_26_26,2026-03-23 14:48:50.606800,review,辅助岗,,,
265,四川省第四人民医院•四川大学华西春熙医院招募医疗卫生辅助岗项目人员公告,https://www.scsdsrmyy.cn/news_notes_job/2025/QeZ6w6ep.html,site_26_26,2026-03-23 14:48:50.604843,review,辅助岗,,,
264,四川省第四人民医院•四川大学华西春熙医院招募医疗卫生辅助岗项目人员公告,https://www.scsdsrmyy.cn/news_notes_job/2025/lejRv5ej.html,site_26_26,2026-03-23 14:48:50.602933,review,辅助岗,,,
263,四川省第四人民医院•四川大学华西春熙医院招募医疗卫生辅助岗项目人员公告,https://www.scsdsrmyy.cn/news_notes_job/2025/mbkRwXaz.html,site_26_26,2026-03-23 14:48:50.600589,review,辅助岗,,,
262,四川省第四人民医院•四川大学华西春熙医院招募医疗卫生辅助岗项目人员公告,https://www.scsdsrmyy.cn/news_notes_job/2025/wdL9Y4ej.html,site_26_26,2026-03-23 14:48:50.598493,review,辅助岗,,,
259,四川省第四人民医院2026年助理全科医生规范化培训招收简章,https://mp.weixin.qq.com/s/NkUKBZ0hyFMxQQRIhG8ivw,site_26_26,2026-03-23 14:48:50.590695,review,培训,,,
258,四川省骨科医院关于招聘组织人事部职员和 临床医技科室医师助理的公告（第二次发布）,https://www.scsgkyy.com/recruit/2025/QbYEgpbz.html,site_25_25,2026-03-23 14:48:49.089171,review,泛招聘词,,,
248,四川省骨科医院 关于招聘优秀护理人才、手术室专科护士、临床治疗技师等岗位工作人员的公告,https://www.scsgkyy.com/recruit/2026/Rb4xA0bB.html,site_25_25,2026-03-23 14:48:49.071414,review,泛招聘词,,,
247,四川省骨科医院 关于招聘教育培训部职员岗、假肢矫形技师岗和药学工勤岗工作人员的公告,https://www.scsgkyy.com/recruit/2026/Pe9rJ4aL.html,site_25_25,2026-03-23 14:48:49.069408,review,培训,,,
246,四川省骨科医院关于招聘优秀博士人才的公告,https://www.scsgkyy.com/recruit/2026/lejRXzej.html,site_25_25,2026-03-23 14:48:49.067429,review,泛招聘词,,,
245,四川省骨科医院关于招聘水电维修岗和安保岗工作人员的公告,https://www.scsgkyy.com/recruit/2026/ZdPN0laK.html,site_25_25,2026-03-23 14:48:49.065327,review,泛招聘词,,,
243,四川省骨科医院 关于招聘药学工勤岗工作人员的公告 （第二次发布）,https://www.scsgkyy.com/recruit/2026/QeZ6kEep.html,site_25_25,2026-03-23 14:48:49.059198,review,泛招聘词,,,
242,成都市第三人民医院2025年招聘14名工作人员的公告,https://www.cd3hospital.com/hos_hr/2025/1aKYRGdQ.html,site_24_24,2026-03-23 14:48:47.488510,review,泛招聘词,,,
240,精诚筑梦 厚德引才 温度医院 职等你来成都市第三人民医院2025“蓉漂人才荟”考核招聘高校毕业生启动,https://www.cd3hospital.com/hos_hr/2025/6dB8mYa7.html,site_24_24,2026-03-23 14:48:47.484874,review,泛招聘词,,,
235,关于转发成都市卫生健康委员会所属事业单位公开考核招聘高层次人才公告链接的通知,https://www.cd3hospital.com/hos_hr/2025/mepRpNbM.html,site_24_24,2026-03-23 14:48:47.476003,review,泛招聘词,,,
232,成都市第三人民医院关于2026年招聘核医学领域菁英的公告,https://www.cd3hospital.com/hos_hr/2026/xbovxzag.html,site_24_24,2026-03-23 14:48:47.470408,review,泛招聘词,,,
231,成都市第三人民医院关于2026年招聘9名工作人员的公告,https://www.cd3hospital.com/hos_hr/2026/mepRy1bM.html,site_24_24,2026-03-23 14:48:47.468264,review,泛招聘词,,,
230,精诚纳新，温暖有度——成都市第三人民医院2026“蓉漂人才荟”考核招聘高校毕业生启动,https://www.cd3hospital.com/hos_hr/2026/mbkwAYbz.html,site_24_24,2026-03-23 14:48:47.466100,review,泛招聘词,,,
216,重庆市开州区人民医院2025年度公开引进博士及学科带头人公告,https://www.cqskzqrmyy.cn/Item/4951.aspx,site_22_22,2026-03-23 14:48:44.079322,review,泛招聘词,,,
215,重庆大学附属三峡医院关于招聘护理员的通知,https://sxyy.cqu.edu.cn/info/1022/4254.htm,site_21_21,2026-03-23 14:48:42.253809,review,泛招聘词,,,
214,招聘通知,https://sxyy.cqu.edu.cn/info/1022/4322.htm,site_21_21,2026-03-23 14:48:42.252023,review,泛招聘词,,,
211,关于招聘神经内科、心血管内科医师的通知,https://sxyy.cqu.edu.cn/info/1022/5057.htm,site_21_21,2026-03-23 14:48:42.246499,review,泛招聘词,,,
210,关于招聘肾病学科、放射科、肿瘤中心 医师、技师的通知,https://sxyy.cqu.edu.cn/info/1022/5082.htm,site_21_21,2026-03-23 14:48:42.244615,review,泛招聘词,,,
209,关于招聘中医和民族医学名医的通知,https://mp.weixin.qq.com/s/dbM9whQdGHiS9mIxwVXxkA,site_21_21,2026-03-23 14:48:42.242634,review,泛招聘词,,,
208,重庆大学附属三峡医院 关于招聘医师、护理人员的通知,https://sxyy.cqu.edu.cn/info/1022/5966.htm,site_21_21,2026-03-23 14:48:42.240615,review,泛招聘词,,,
206,重庆大学附属三峡医院关于招聘生物样本库负责人的通知,https://sxyy.cqu.edu.cn/info/1022/6243.htm,site_21_21,2026-03-23 14:48:42.236272,review,泛招聘词,,,
205,重庆大学附属三峡医院关于临床研究中心招聘人员的通知,https://sxyy.cqu.edu.cn/info/1022/6304.htm,site_21_21,2026-03-23 14:48:42.234010,review,泛招聘词,,,
204,重庆大学附属三峡医院关于招聘信息工程人员的通知,https://sxyy.cqu.edu.cn/info/1022/6317.htm,site_21_21,2026-03-23 14:48:42.231731,review,泛招聘词,,,
203,三峡医院2025年护士规范化培训招生简章,https://mp.weixin.qq.com/s/gY92lXEKk1R8p4y329GrGA,site_21_21,2026-03-23 14:48:42.229185,review,培训,,,
202,招聘|全球搜寻高层次医学人才、博士研究生,https://sxyy.cqu.edu.cn/info/1022/2249.htm,site_21_21,2026-03-23 14:48:42.226399,review,泛招聘词,,,
201,重庆大学附属三峡医院面向全球招聘学科带头人,https://sxyy.cqu.edu.cn/info/1022/3998.htm,site_21_21,2026-03-23 14:48:42.220535,review,泛招聘词,,,
200,重庆市南川区人民医院招聘报名表,http://www.ncrmyy.com/html/content/17/11/3101.shtml,site_20_20,2026-03-23 14:48:40.922376,review,泛招聘词,,,
198,关于招聘消毒供应中心外派技术工人的通知,http://www.ncrmyy.com/html/content/24/08/17358.shtml,site_20_20,2026-03-23 14:48:40.918232,review,泛招聘词,,,
193,关于招聘外派药师的通知,http://www.ncrmyy.com/html/content/26/01/19714.shtml,site_20_20,2026-03-23 14:48:40.904502,review,泛招聘词,,,
181,重庆中医药学院附属江津医院（重庆市江津区中医院）带编考核招聘紧缺高层次人才10名,http://www.jjzyy.com/article/10/content_10_757.html,site_14_14,2026-03-23 14:48:28.773052,review,泛招聘词,,,
177,【志愿者招募】江津区中医院暑期托管班，邀你一起“育”见未来！,http://www.jjzyy.com/article/305/content_305_1166.html,site_14_14,2026-03-23 14:48:28.764129,review,志愿者,,,
175,重庆中医药学院附属江津医院（江津区中医院）招聘工作人员17名,https://mp.weixin.qq.com/s/X_CT0PYtf3howE6eSZs0CQ,site_14_14,2026-03-23 14:48:28.758777,review,泛招聘词,,,
165,重庆大学附属江津医院关于皮肤科门诊辅助护士招聘的补充说明发布时间：2025-08-26访问人数：1365,http://www.jjhospital.com.cn/html/content/25/08/27446.shtml,site_13_13,2026-03-23 14:48:27.542163,review,泛招聘词,,,
155,长期招聘招生！欢迎加盟李朴研究员团队“高精度时空组多组学与生物标志物大数据AI融合实验室”重庆大学附属江津医院医学检验科主任李朴研究员团队长期招收博士研究生、硕士研究生和博士后科研人员，热忱欢迎有志于大数据驱动的精准医疗、感染性疾病机制与早期诊断、从算法到临床的全链条转化等方面研究，具有..发布时间：2026-01-09访问人数：274,http://www.jjhospital.com.cn/html/content/26/01/27848.shtml,site_13_13,2026-03-23 14:48:27.521824,review,泛招聘词,,,
146,重医附属口腔医院2025年口腔颌面外科学专科医师规范化培训招生简章,https://www.cqdent.com/html/content/25/06/19906.shtml,site_7_7,2026-03-23 13:35:09.238174,review,培训,,,
142,重庆医科大学口腔医学院2025年住院医师规范化培训学员以研究生毕业同等学力人员申请口腔医学专业学..,https://www.cqdent.com/html/content/25/06/19919.shtml,site_7_7,2026-03-23 13:35:09.230983,review,培训,,,
136,关于举办2025年重庆市第十五期口腔专科护士培训班的通知,https://www.cqdent.com/html/content/25/07/19994.shtml,site_7_7,2026-03-23 13:35:09.218476,review,培训,,,
121,2024年带编考核招聘紧缺高层次人才公告,https://www.cqbbzyy.com/index.php?c=show&id=4868,site_11_11,2026-03-23 13:33:42.181025,review,泛招聘词,,,
117,广中医一附院重庆医院（重庆市北碚中医院） 公开（考核）招聘专业人才27名,https://www.cqbbzyy.com/index.php?c=show&id=5106,site_11_11,2026-03-23 13:33:42.173072,review,泛招聘词,,,
116,关于2025年非在编人员招聘（第一、二批） 考核流程的通知,https://www.cqbbzyy.com/index.php?c=show&id=5119,site_11_11,2026-03-23 13:33:42.170666,review,泛招聘词,,,
114,广州中医药大学第一附属医院重庆医院（重庆市北碚区中医院）带编考核招聘高层次人才15名,https://www.cqbbzyy.com/index.php?c=show&id=5344,site_11_11,2026-03-23 13:33:42.165439,review,泛招聘词,,,
110,重庆医科大学附属北碚医院重庆市第九人民医院2025年三季度招聘非在编工作人员简章,https://www.cq9yuan.com/hr_notice/2025/BeXD18ey.html,site_10_10,2026-03-23 13:33:39.981771,review,泛招聘词,,,
109,关于延长重庆医科大学附属北碚医院（重庆市第九人民医院）2025年三季度非在编招聘工作人员报名时间的公告,https://www.cq9yuan.com/hr_notice/2025/9b68gLeE.html,site_10_10,2026-03-23 13:33:39.979884,review,泛招聘词,,,
107,重庆医科大学附属北碚医院（重庆市第九人民医院）招聘非在编驾驶人员公告,https://www.cq9yuan.com/hr_notice/2025/oeERDma0.html,site_10_10,2026-03-23 13:33:39.975983,review,泛招聘词,,,
105,重庆医科大学附属北碚医院（重庆市第九人民医院）2025年四季度招聘非在编工作人员简章,https://www.cq9yuan.com/hr_notice/2025/PdR62YdG.html,site_10_10,2026-03-23 13:33:39.972146,review,泛招聘词,,,
104,重庆医科大学附属北碚医院 重庆市第九人民医院招聘非在编护理员公告,https://www.cq9yuan.com/hr_notice/2025/lejR7Bej.html,site_10_10,2026-03-23 13:33:39.969889,review,泛招聘词,,,
100,重庆医科大学附属北碚医院（重庆市第九人民医院）2026年第一季度招聘非在编工作人员简章,https://www.cq9yuan.com/hr_notice/2026/nelOY1dK.html,site_10_10,2026-03-23 13:33:39.960484,review,泛招聘词,,,
91,重庆医药高等专科学校附属第一医院2025年第二季度考核招聘工作人员面谈时间调整公告,http://www.cqszfy.com/info/1121/10219.htm,site_9_9,2026-03-23 13:33:38.282311,review,泛招聘词,,,
89,重庆医药高等专科学校附属第一医院2025年第三季度非编招聘工作人员简章,http://www.cqszfy.com/info/1121/10363.htm,site_9_9,2026-03-23 13:33:38.278414,review,泛招聘词,,,
67,关于招聘疾控妇幼工作人员的启事,http://www.uhcmu.com/info/1259/12549.htm,site_6_6,2026-03-23 13:33:34.081184,review,泛招聘词,,,
66,重庆大学附属中心医院（重庆市急救医疗中心）赴市外带编招聘医学毕业生，诚邀海内外优秀人才加入我院,https://www.120cq.com.cn/rsrc_ryzl/2024/vbmZgRdY.html,site_5_5,2026-03-23 13:33:32.837961,review,泛招聘词,,,
65,重庆大学附属中心医院（重庆市急救医疗中心）2024年第四季度非编招聘计划,https://www.120cq.com.cn/rsrc_ryzl/2024/7axkxley.html,site_5_5,2026-03-23 13:33:32.836392,review,泛招聘词,,,
64,重庆大学附属中心医院（重庆市急救医疗中心）2024重庆国际人才交流大会事业单位考核招聘紧缺高层次人才公告,https://www.120cq.com.cn/rsrc_ryzl/2024/NbW6Axay.html,site_5_5,2026-03-23 13:33:32.834698,review,泛招聘词,,,
63,重庆大学附属中心医院（重庆市急救医疗中心）老年病科非编医师招聘计划,https://www.120cq.com.cn/rsrc_ryzl/2024/ZdPNDWaK.html,site_5_5,2026-03-23 13:33:32.832974,review,泛招聘词,,,
62,重庆大学附属中心医院（重庆市急救医疗中心）2025年第一季度非编招聘计划,https://www.120cq.com.cn/rsrc_ryzl/2025/Ddwp1Re1.html,site_5_5,2026-03-23 13:33:32.831153,review,泛招聘词,,,
61,重庆大学附属中心医院（重庆市急救医疗中心）2025年第二季度考核招聘高层次和紧缺人才公告,https://www.120cq.com.cn/rsrc_ryzl/2025/xbo2xzag.html,site_5_5,2026-03-23 13:33:32.829123,review,泛招聘词,,,
59,重庆大学附属中心医院   重庆市急救医疗中心非编护理招聘计划,https://www.120cq.com.cn/rsrc_ryzl/2025/YerkKBaO.html,site_5_5,2026-03-23 13:33:32.825557,review,泛招聘词,,,
58,重庆大学附属中心医院（重庆市急救医疗中心）2025年第三季度2批次非编招聘计划,https://www.120cq.com.cn/rsrc_ryzl/2025/mepYOXaM.html,site_5_5,2026-03-23 13:33:32.823695,review,泛招聘词,,,
57,重庆大学附属中心医院（重庆市急救医疗中心）2025年下半年赴市外考核招聘高层次和紧缺医学类人才公告,https://www.120cq.com.cn/rsrc_ryzl/2025/Rb48mkbB.html,site_5_5,2026-03-23 13:33:32.821701,review,泛招聘词,,,
55,重庆大学附属中心医院（重庆市急救医疗中心）2025重庆国际人才交流大会事业单位考核招聘高层次和紧缺人...,https://www.120cq.com.cn/rsrc_ryzl/2025/BeX6DVby.html,site_5_5,2026-03-23 13:33:32.817602,review,泛招聘词,,,
33,重庆医科大学附属第二医院2026年第七期康复治疗师规范化培训招生简章,https://www.cqsahcqmu.cn/index.php?c=show&id=23590,site_4_4,2026-03-23 13:25:33.355424,review,培训,,,
32,重庆医科大学附属第二医院2026年第五期放射影像技师规范化培训招生简章,https://www.cqsahcqmu.cn/index.php?c=show&id=23591,site_4_4,2026-03-23 13:25:33.352493,review,培训,,,
25,2025重庆国际人才交流大会事业单位考核招聘高层次和紧缺人才公告,https://www.chcmu.com/info/2751/406670.htm,site_3_3,2026-03-23 13:25:31.246856,review,泛招聘词,,,
22,重庆医科大学附属儿童医院朱必越课题组科研助理招聘启事,https://www.chcmu.com/info/2751/410860.htm,site_3_3,2026-03-23 13:25:31.240233,review,科研助理,,,
11,关于重医附一院编外人员招聘理论考核的通知,https://www.hospital-cqmu.com/gw_zpyc_zpgg/010016600040497.html,site_2_2,2026-03-23 13:25:30.022495,review,泛招聘词,,,
